techn. Schlüssel (UUID),Planungsraum (Nummer),Planungsraum (Name),Bezirksregion (Nummer),Bezirksregion (Name),Prognoseraum (Nummer),Prognoseraum (Name),Bezirk,Fläche in qm,Stand der Daten
94752AD5-9BE6-4520-A3C7-F593BB45C7D5,01100101,Stülerstraße,011001,Tiergarten Süd,0110,Zentrum,Mitte,366933.12,01.01.2021
37FF656B-0F82-443E-B158-2DB4875E17E4,01100102,Großer Tiergarten,011001,Tiergarten Süd,0110,Zentrum,Mitte,3919852.22,01.12.2021
58310131-28AD-417D-BE5C-8F053EDF659C,01100103,Lützowstraße,011001,Tiergarten Süd,0110,Zentrum,Mitte,547183.23,01.12.2021
6F1D87F9-ED0E-4D5A-A4A5-F7FCCD2A3353,01100104,Körnerstraße,011001,Tiergarten Süd,0110,Zentrum,Mitte,338513.95,01.12.2021
7C27D970-B516-4306-890E-B7ACC84D310E,01100205,Wilhelmstraße,011002,Regierungsviertel,0110,Zentrum,Mitte,634656.82,01.01.2021
67912D2E-06F5-44C0-BB29-66C0E11FA88E,01100206,Unter den Linden,011002,Regierungsviertel,0110,Zentrum,Mitte,1297220.38,01.01.2021
FECC24DC-F446-4FE1-8655-A5CDAC9EA98D,01100207,Leipziger Straße,011002,Regierungsviertel,0110,Zentrum,Mitte,763632.87,01.01.2021
69228EE7-39B1-4EF7-A5BD-06A22E73BCA5,01100308,Charitéviertel,011003,Alexanderplatz,0110,Zentrum,Mitte,1682630.37,01.01.2021
362CC63E-716E-4320-AB44-13006E42436E,01100309,Oranienburger Straße,011003,Alexanderplatz,0110,Zentrum,Mitte,1011360.28,01.01.2021
6E891F34-2C66-4DD6-9947-6DB074770AA6,01100310,Alexanderplatzviertel,011003,Alexanderplatz,0110,Zentrum,Mitte,1365179.02,01.01.2021
92E85894-A860-4209-BD95-D105D98BD187,01100311,Karl-Marx-Allee,011003,Alexanderplatz,0110,Zentrum,Mitte,807969.28,01.01.2021
EEBEF655-D91E-4609-B0F1-BE5486805376,01100312,Heine-Viertel West,011003,Alexanderplatz,0110,Zentrum,Mitte,643620.27,01.01.2021
2C5FE143-24CE-40CF-9215-E148754ECB51,01100313,Heine-Viertel Ost,011003,Alexanderplatz,0110,Zentrum,Mitte,718074.52,01.01.2021
330E7F12-6AFB-4AE0-91A3-57FFF54E337D,01100414,Nordbahnhof,011004,Brunnenstraße Süd,0110,Zentrum,Mitte,373032.14,01.01.2021
489575DB-F2D2-4D51-A2C6-D99B6ACB92D0,01100415,Invalidenstraße,011004,Brunnenstraße Süd,0110,Zentrum,Mitte,780156.01,01.01.2021
2C418A10-D5AF-48AF-BC9F-1D3BEB72060D,01100416,Arkonaplatz,011004,Brunnenstraße Süd,0110,Zentrum,Mitte,602008.98,01.01.2021
1E786328-5269-4043-BC7E-2DF321407971,01200517,Huttenkiez,012005,Moabit West,0120,Moabit,Mitte,2484997.12,01.01.2021
0E2716C3-CF6E-4D5F-AF52-03567DFD5645,01200518,Beusselkiez,012005,Moabit West,0120,Moabit,Mitte,236852.70,01.01.2021
2F3A50A3-966E-42AF-A3DC-AD9FE6A8BEDF,01200519,Emdener Straße,012005,Moabit West,0120,Moabit,Mitte,347161.16,01.01.2021
B95840EA-AA3E-4EE7-B8E0-0D20F2198F33,01200520,Bremer Straße,012005,Moabit West,0120,Moabit,Mitte,429962.47,01.01.2021
FDC99280-F762-4344-BB24-062135BCADA8,01200521,Zwinglistraße,012005,Moabit West,0120,Moabit,Mitte,166607.92,01.01.2021
EEFC82B3-D784-43D7-974B-2494F9475611,01200522,Elberfelder Straße,012005,Moabit West,0120,Moabit,Mitte,639464.56,01.01.2021
09264F66-7181-436D-8F09-5747016AA5C1,01200623,Stephankiez,012006,Moabit Ost,0120,Moabit,Mitte,896488.24,01.01.2021
79259CC1-8E90-4D10-9592-5F2ECFAAA7A9,01200624,Heidestraße,012006,Moabit Ost,0120,Moabit,Mitte,688003.29,01.01.2021
9CEA7A33-1135-429F-AB7C-97CC7AE305F0,01200625,Lübecker Straße,012006,Moabit Ost,0120,Moabit,Mitte,325107.55,01.01.2021
51706CE1-D8AF-49C0-9CAB-CBF67449B1F6,01200626,Thomasiusstraße,012006,Moabit Ost,0120,Moabit,Mitte,552849.44,01.01.2021
1B82C256-31C6-4668-A5B4-104A72D48F5A,01200627,Zillesiedlung,012006,Moabit Ost,0120,Moabit,Mitte,174355.31,01.01.2021
2ADBB6E3-CAA9-4564-96DE-53B23A513202,01200628,Lüneburger Straße,012006,Moabit Ost,0120,Moabit,Mitte,745620.77,01.01.2021
7C411BD5-DFC6-4D83-AA00-1CE232C6B8FB,01200629,Hansaviertel,012006,Moabit Ost,0120,Moabit,Mitte,533332.60,01.12.2021
50C99062-509A-4688-90CB-8A38A2B6562F,01300730,Drontheimer Straße,013007,Osloer Straße,0130,Gesundbrunnen,Mitte,452957.42,01.01.2021
778313C9-5D9F-4597-B4E8-89E66161E99F,01300731,Koloniestraße,013007,Osloer Straße,0130,Gesundbrunnen,Mitte,666936.95,01.01.2021
FB8F189B-BAA9-4FA6-A123-F322920D08C1,01300732,Soldiner Straße,013007,Osloer Straße,0130,Gesundbrunnen,Mitte,588082.70,01.01.2021
38AB7BB1-1BEC-462C-B213-2F84749BA8C8,01300733,Gesundbrunnen,013007,Osloer Straße,0130,Gesundbrunnen,Mitte,658295.46,01.01.2021
5A570736-0DA0-472B-A611-22510422A6F9,01300834,Brunnenstraße,013008,Brunnenstraße Nord,0130,Gesundbrunnen,Mitte,775000.10,01.01.2021
B857B704-1C71-4DC0-B7EF-31DC2900EFDF,01300835,Humboldthain Süd,013008,Brunnenstraße Nord,0130,Gesundbrunnen,Mitte,1103905.65,01.01.2021
3BC5A8D7-232B-4F8D-AADD-1EDB694508DE,01300836,Humboldthain Nordwest,013008,Brunnenstraße Nord,0130,Gesundbrunnen,Mitte,1441462.64,01.01.2021
BD8C8D5F-6239-406B-99BB-399FF5C09052,01400937,Afrikanische Straße,014009,Parkviertel,0140,Wedding,Mitte,3674275.01,01.01.2021
C6C8ADD9-11E3-4515-8AD6-456F3EA2F13C,01400938,Kameruner Straße,014009,Parkviertel,0140,Wedding,Mitte,1196162.43,01.01.2021
3935CA92-5C24-4BD7-A2B2-6B64AC19B597,01400939,Glasgower Straße,014009,Parkviertel,0140,Wedding,Mitte,364634.09,01.01.2021
6D192AC3-8540-4AF7-A145-B9EDBF6326BE,01400940,Schillerpark,014009,Parkviertel,0140,Wedding,Mitte,917917.74,01.01.2021
2C12AE1B-6480-42AA-8845-E07B96703F77,01400941,Londoner Straße,014009,Parkviertel,0140,Wedding,Mitte,450354.62,01.01.2021
0BA265D3-E9C6-4C1A-9610-65300C69E518,01400942,Westliche Müllerstraße,014009,Parkviertel,0140,Wedding,Mitte,531514.43,01.01.2021
92AFA78F-A11F-486B-93D0-661DF44AF285,01401043,Antonstraße,014010,Wedding Zentrum,0140,Wedding,Mitte,298923.10,01.01.2021
B90ABA26-51AC-4F81-8C04-FF6670BFD5DD,01401044,Uferstraße,014010,Wedding Zentrum,0140,Wedding,Mitte,491569.06,01.01.2021
F6F2F822-08F4-4E56-9FEE-2758B489E705,01401045,Schwedenstraße,014010,Wedding Zentrum,0140,Wedding,Mitte,267818.86,01.01.2021
CCB45E36-E0A7-448C-AFE9-DB2831740D89,01401046,Nordufer,014010,Wedding Zentrum,0140,Wedding,Mitte,325061.74,01.01.2021
D125FF40-11AC-4B61-B719-38A5B1F08B9F,01401047,Sparrplatz,014010,Wedding Zentrum,0140,Wedding,Mitte,309180.47,01.01.2021
964D14C3-7C81-42BF-99E4-83BA5D00E987,01401048,Leopoldplatz,014010,Wedding Zentrum,0140,Wedding,Mitte,408312.08,01.01.2021
FE830FEA-FCDD-4CE5-BA95-6DF6BC1E5799,01401049,Schulstraße,014010,Wedding Zentrum,0140,Wedding,Mitte,404133.53,01.01.2021
3388053E-B129-460E-8918-7A053B5E7D79,02100101,Askanischer Platz,021001,Südliche  Friedrichstadt,0210,Kreuzberg Nord,Friedrichshain-Kreuzberg,710740.22,01.01.2021
89B40132-6C49-404F-BB6F-354CB675A6A4,02100102,Mehringplatz,021001,Südliche  Friedrichstadt,0210,Kreuzberg Nord,Friedrichshain-Kreuzberg,624470.27,01.01.2021
4862D946-2465-47C9-BA03-E052C3BA6313,02100103,Am Berlin Museum,021001,Südliche  Friedrichstadt,0210,Kreuzberg Nord,Friedrichshain-Kreuzberg,413267.47,01.01.2021
A740CA6F-91CA-40C9-80C1-BDD1BEF241BD,02100104,Moritzplatz,021001,Südliche  Friedrichstadt,0210,Kreuzberg Nord,Friedrichshain-Kreuzberg,380552.82,01.01.2021
7DB32A5C-D459-49AA-8362-16655AC55F33,02100105,Prinzenstraße,021001,Südliche  Friedrichstadt,0210,Kreuzberg Nord,Friedrichshain-Kreuzberg,423364.74,01.01.2021
8AC36005-E2FE-4ABB-A274-6A54CBBA32B2,02100106,Wassertorplatz,021001,Südliche  Friedrichstadt,0210,Kreuzberg Nord,Friedrichshain-Kreuzberg,388956.59,01.01.2021
1CE91148-FD86-4451-9F8E-2CE8C90186BE,02200207,Gleisdreieck,022002,Tempelhofer Vorstadt,0220,Kreuzberg Süd,Friedrichshain-Kreuzberg,746235.79,01.01.2021
9F0F94EA-DCC0-4501-8FF8-5C11C7431446,02200208,Rathaus Yorckstraße,022002,Tempelhofer Vorstadt,0220,Kreuzberg Süd,Friedrichshain-Kreuzberg,428891.21,01.01.2021
2F526736-A54E-4DE1-8CFD-22F75DA96711,02200209,Viktoriapark,022002,Tempelhofer Vorstadt,0220,Kreuzberg Süd,Friedrichshain-Kreuzberg,693588.88,01.01.2021
042659F7-0AF3-413B-A21B-8E29576F2C0F,02200210,Urbanstraße,022002,Tempelhofer Vorstadt,0220,Kreuzberg Süd,Friedrichshain-Kreuzberg,916813.08,01.01.2021
13CDC2C4-28BB-4AAB-BF63-50437E9FF3E4,02200211,Chamissokiez,022002,Tempelhofer Vorstadt,0220,Kreuzberg Süd,Friedrichshain-Kreuzberg,977115.40,01.01.2021
299C84DB-D936-4FB4-80A9-28E9592AC221,02200212,Graefekiez Süd,022002,Tempelhofer Vorstadt,0220,Kreuzberg Süd,Friedrichshain-Kreuzberg,391152.06,01.01.2021
748F38C3-E1F7-486D-A588-F2D8977636E5,02200213,Graefekiez Nord,022002,Tempelhofer Vorstadt,0220,Kreuzberg Süd,Friedrichshain-Kreuzberg,592508.02,01.01.2021
5422D44C-6228-49EC-8768-AF330C6C07DD,02300314,Oranienplatz,023003,Nördliche Luisenstadt,0230,Kreuzberg Ost,Friedrichshain-Kreuzberg,443945.41,01.01.2021
A2930FC6-00D9-4859-B6FC-50C85604C2EF,02300315,Lausitzer Platz,023003,Nördliche Luisenstadt,0230,Kreuzberg Ost,Friedrichshain-Kreuzberg,350912.76,01.01.2021
0DFB1748-FCBE-4ECB-B7D4-8C989CBF7761,02300316,Köpenicker Straße,023003,Nördliche Luisenstadt,0230,Kreuzberg Ost,Friedrichshain-Kreuzberg,471428.88,01.01.2021
4830F2E7-996B-4A85-9FF8-D5F7EB5B59F0,02300417,Reichenberger Straße West,023004,Südliche Luisenstadt,0230,Kreuzberg Ost,Friedrichshain-Kreuzberg,369696.09,01.01.2021
1BC1535E-4C1A-4825-89A6-F2A3351569D7,02300418,Reichenberger Straße Ost,023004,Südliche Luisenstadt,0230,Kreuzberg Ost,Friedrichshain-Kreuzberg,599772.68,01.01.2021
2762AA3F-B5E3-4996-939C-432A198BCB13,02300419,Wrangelkiez,023004,Südliche Luisenstadt,0230,Kreuzberg Ost,Friedrichshain-Kreuzberg,526711.17,01.01.2021
255AF40A-3191-4842-A33E-997CD80424C7,02400520,Barnimkiez,024005,Karl-Marx-Allee Nord,0240,Friedrichshain West,Friedrichshain-Kreuzberg,941574.66,01.01.2021
820A17BE-EECC-4284-BA7A-E7DB04A85851,02400521,Friedenstraße,024005,Karl-Marx-Allee Nord,0240,Friedrichshain West,Friedrichshain-Kreuzberg,731469.75,01.01.2021
7884182C-7B47-43A5-B847-EEF8DD3E7D79,02400522,Richard-Sorge-Viertel,024005,Karl-Marx-Allee Nord,0240,Friedrichshain West,Friedrichshain-Kreuzberg,554546.14,01.01.2021
35611DA8-A4F9-457B-BD86-CB4FABBCCD63,02400623,Andreasviertel,024006,Karl-Marx-Allee Süd,0240,Friedrichshain West,Friedrichshain-Kreuzberg,921730.46,01.01.2021
5F379EB4-E717-4BEE-8911-268B6E94CEE9,02400624,Weberwiese,024006,Karl-Marx-Allee Süd,0240,Friedrichshain West,Friedrichshain-Kreuzberg,564679.73,01.01.2021
07C3531D-555D-4B58-97FD-9ABA08B20543,02400625,Wriezener Bahnhof,024006,Karl-Marx-Allee Süd,0240,Friedrichshain West,Friedrichshain-Kreuzberg,864405.00,01.01.2021
DAEDDFA7-1DC4-4754-AC84-5E0ADB91512F,02500726,Hausburgviertel,025007,Frankfurter Allee Nord,0250,Friedrichshain Ost,Friedrichshain-Kreuzberg,309450.36,01.01.2021
464E84D9-AA80-442A-A752-6DB44CFA2FA2,02500727,Forckenbeckplatz,025007,Frankfurter Allee Nord,0250,Friedrichshain Ost,Friedrichshain-Kreuzberg,338018.54,01.01.2021
1B5C922A-2463-47F0-91E1-5D34C879AEF7,02500728,Samariterviertel,025007,Frankfurter Allee Nord,0250,Friedrichshain Ost,Friedrichshain-Kreuzberg,310612.44,01.01.2021
9B6D001C-3DF3-4A1F-A42D-99D31ACA0E8B,02500729,Pettenkofer Straße,025007,Frankfurter Allee Nord,0250,Friedrichshain Ost,Friedrichshain-Kreuzberg,322479.82,01.01.2021
20DB5B82-BAB1-43ED-9EF8-86B157D3B320,02500830,Niederbarnimstraße,025008,Frankfurter Allee Süd FK,0250,Friedrichshain Ost,Friedrichshain-Kreuzberg,165474.09,01.01.2021
ABD0D32E-1A4F-48F0-BA12-83DE65F2A7A0,02500831,Wismarplatz,025008,Frankfurter Allee Süd FK,0250,Friedrichshain Ost,Friedrichshain-Kreuzberg,248991.83,01.01.2021
A7A0896A-D650-44AE-ADFF-EBE06505FDAA,02500832,Traveplatz,025008,Frankfurter Allee Süd FK,0250,Friedrichshain Ost,Friedrichshain-Kreuzberg,369572.69,01.01.2021
6FC76D32-1206-4378-AF42-51CBDAC5CAC2,02500833,Boxhagener Platz,025008,Frankfurter Allee Süd FK,0250,Friedrichshain Ost,Friedrichshain-Kreuzberg,340152.80,01.01.2021
4B0DED4D-5941-4942-9A3E-EC940F7393AB,02500834,Revaler Straße,025008,Frankfurter Allee Süd FK,0250,Friedrichshain Ost,Friedrichshain-Kreuzberg,494580.92,01.01.2021
DFC6B527-F11D-48E3-AAA5-91EF85920E70,02500835,Stralauer Kiez,025008,Frankfurter Allee Süd FK,0250,Friedrichshain Ost,Friedrichshain-Kreuzberg,1355179.84,01.01.2021
26A98D99-337B-44F6-9738-8C4973A2845B,02500836,Stralauer Halbinsel,025008,Frankfurter Allee Süd FK,0250,Friedrichshain Ost,Friedrichshain-Kreuzberg,1117019.93,01.01.2021
E359FE85-1567-42BE-9E29-89D3ADBF14DC,03100101,Bucher Forst,031001,Buch,0310,Buch,Pankow,18376942.24,01.12.2021
404950E5-9E3D-4CA5-97FA-952850B4A489,03100102,Klinikum Buch,031001,Buch,0310,Buch,Pankow,2732342.63,01.01.2021
7F8EA6FD-9437-4645-934F-E01DA8DA0A1E,03100103,Karower Chaussee,031001,Buch,0310,Buch,Pankow,1876525.32,01.12.2021
986297D9-5FF6-4B73-A910-FB2189857035,03200204,Blankenfelde,032002,Blankenfelde/Niederschönhausen,0320,Nördliches Pankow,Pankow,13068045.62,01.01.2021
5D9FC8F6-F77D-48C2-AC34-C0942C2739AF,03200205,Uhlandstraße,032002,Blankenfelde/Niederschönhausen,0320,Nördliches Pankow,Pankow,2411910.65,01.01.2021
B00E426C-B73B-459A-9FB0-304F76D72086,03200206,Pastor-Niemöller-Platz,032002,Blankenfelde/Niederschönhausen,0320,Nördliches Pankow,Pankow,1104560.54,01.01.2021
EE2A8D16-1FF2-41C9-B3F2-667BE12CDC33,03200207,Herthaplatz,032002,Blankenfelde/Niederschönhausen,0320,Nördliches Pankow,Pankow,3080857.53,01.01.2021
FE8C5EAF-B6D2-4A4B-8332-28791A50C276,03200308,Nisbléstraße,032003,Buchholz,0320,Nördliches Pankow,Pankow,1134328.37,01.01.2021
70E96914-04FF-43B0-821F-995FA565C49E,03200309,Eddastraße,032003,Buchholz,0320,Nördliches Pankow,Pankow,3067594.75,01.01.2021
68CB1AC2-553E-4B6D-A9FD-8A0E41CDCC54,03200310,Krugpfuhl,032003,Buchholz,0320,Nördliches Pankow,Pankow,2267519.80,01.01.2021
1A4052CA-2506-47AC-80EA-03BCB41B2509,03300411,Karow Nord,033004,Karow,0330,Nördliches Weißensee,Pankow,1668495.20,01.12.2021
FEAA12BD-E4C3-4F17-AE12-C9A70A83E013,03300412,Karow Bahnhof,033004,Karow,0330,Nördliches Weißensee,Pankow,3078366.41,01.01.2021
949ECFF4-E448-4FA7-8D1F-EE227BABA730,03300413,Karow Ost,033004,Karow,0330,Nördliches Weißensee,Pankow,1864295.02,01.01.2021
602A86F8-307E-4AD3-A480-4089309BC2D3,03300514,Blankenburg,033005,Blankenburg/Heinersdorf/Märchenland,0330,Nördliches Weißensee,Pankow,4720036.85,01.01.2021
27EB1424-84C3-4343-A522-7F8C898472D2,03300515,Blankenburger Süden,033005,Blankenburg/Heinersdorf/Märchenland,0330,Nördliches Weißensee,Pankow,1162758.43,01.01.2021
CC24C7FD-D881-423C-A7A9-3DC691B82B52,03300516,Heinersdorf,033005,Blankenburg/Heinersdorf/Märchenland,0330,Nördliches Weißensee,Pankow,3906851.67,01.01.2021
E0BB7A98-1594-40E1-9890-CF5D2A4B6B49,03300517,Märchenland,033005,Blankenburg/Heinersdorf/Märchenland,0330,Nördliches Weißensee,Pankow,5824604.20,01.01.2021
A1FCCF07-1BBD-44A3-970C-2401ABA5DB7D,03400618,Rosenthal,034006,Schönholz/Wilhelmsruh/Rosenthal,0340,Südliches Pankow,Pankow,1798409.63,01.01.2021
97216B5E-47C6-44DB-BD17-71E2A71F8C84,03400619,Wilhelmsruh,034006,Schönholz/Wilhelmsruh/Rosenthal,0340,Südliches Pankow,Pankow,2169621.21,01.01.2021
6671FC43-26F0-40A3-8E65-C07D056DCE4A,03400620,Schönholz,034006,Schönholz/Wilhelmsruh/Rosenthal,0340,Südliches Pankow,Pankow,1909863.92,01.01.2021
2F4FBD11-81D7-4CF5-AC46-E953219D41E1,03400721,Florakiez,034007,Pankow Zentrum,0340,Südliches Pankow,Pankow,794230.26,01.01.2021
F989F2D3-C750-4D63-AA4B-E9CAECDD09DB,03400722,Parkstraße,034007,Pankow Zentrum,0340,Südliches Pankow,Pankow,509698.78,01.01.2021
75998D4C-683B-49B6-95DA-D144F2A97315,03400723,Garbátyplatz,034007,Pankow Zentrum,0340,Südliches Pankow,Pankow,608004.20,01.01.2021
1901E51B-EBF4-4098-8E00-E2B0D498338E,03400724,Wolfshagener Straße,034007,Pankow Zentrum,0340,Südliches Pankow,Pankow,770111.65,01.01.2021
B2A2516E-0849-4DD9-A9DE-3CCF485A1B72,03400725,Schlosspark,034007,Pankow Zentrum,0340,Südliches Pankow,Pankow,1259169.85,01.01.2021
3ACC92EC-7A4E-4747-B93E-77F2EBC150EB,03400826,Tiroler Viertel,034008,Pankow Süd,0340,Südliches Pankow,Pankow,658974.26,01.01.2021
8812F5CE-AF70-4FCA-9340-00B59683DF04,03400827,Trelleborger Viertel,034008,Pankow Süd,0340,Südliches Pankow,Pankow,413280.59,01.01.2021
8D2D764B-A135-424B-B9FA-888673B8ADE9,03400828,Spiekermann Straße,034008,Pankow Süd,0340,Südliches Pankow,Pankow,364485.52,01.01.2021
E46FD8B0-E553-4273-AAC6-6E48216F348C,03400829,Arnold-Zweig-Straße,034008,Pankow Süd,0340,Südliches Pankow,Pankow,400608.32,01.01.2021
1D8824F0-480E-465E-8A02-92D007959C0F,03400830,Kissingenviertel,034008,Pankow Süd,0340,Südliches Pankow,Pankow,659329.18,01.01.2021
72A8097A-12C8-41D5-B899-3B9DD250B817,03400831,Pankower Tor,034008,Pankow Süd,0340,Südliches Pankow,Pankow,534838.20,01.01.2021
25B7CD67-97FD-474F-BF6F-B4AD20909AC6,03500932,Bühringstraße,035009,Weißensee,0350,Südliches Weißensee,Pankow,992560.31,01.01.2021
A9A83505-6406-4771-B725-34C47C84458D,03500933,Weißer See,035009,Weißensee,0350,Südliches Weißensee,Pankow,1055244.35,01.01.2021
C632C9D7-EB96-45C8-91A6-65A468955845,03500934,Weißenseer Spitze,035009,Weißensee,0350,Südliches Weißensee,Pankow,627296.98,01.01.2021
2934E635-3CCC-40AD-8B27-3705F691EEC6,03500935,Behaimstraße,035009,Weißensee,0350,Südliches Weißensee,Pankow,439061.47,01.01.2021
1E1C8DA4-E1E8-4BFA-A209-8424BD735035,03500936,Komponistenviertel Weißensee,035009,Weißensee,0350,Südliches Weißensee,Pankow,1119830.06,01.01.2021
3FA970CC-4C87-4DF6-9ED5-29FA8A558C72,03501037,Rathaus Weißensee,035010,Weißensee Ost,0350,Südliches Weißensee,Pankow,1745042.95,01.01.2021
FEA21FBB-ACA4-4B24-B5F5-89774DCC54ED,03501038,Hansastraße,035010,Weißensee Ost,0350,Südliches Weißensee,Pankow,1964403.81,01.01.2021
EF7BA717-FC5C-4044-973A-BFFF6DEAEBDB,03601139,Norweger Viertel,036011,Prenzlauer Berg Nordwest,0360,Nördlicher Prenzlauer Berg,Pankow,454226.83,01.01.2021
6658466C-C311-42A9-8A4E-2F3ACDE84D3C,03601140,Malmöer Straße,036011,Prenzlauer Berg Nordwest,0360,Nördlicher Prenzlauer Berg,Pankow,280597.87,01.01.2021
13C0C2D4-2F48-45E3-AE7E-B458488C7E29,03601141,Arnimplatz,036011,Prenzlauer Berg Nordwest,0360,Nördlicher Prenzlauer Berg,Pankow,286793.89,01.01.2021
71197B81-ACDC-4208-894D-00D1DE491308,03601142,Falkplatz,036011,Prenzlauer Berg Nordwest,0360,Nördlicher Prenzlauer Berg,Pankow,907522.20,01.01.2021
D2769930-59C4-49B0-AAED-47E2AEFA382A,03601243,Rodenbergstraße,036012,Prenzlauer Berg Nord,0360,Nördlicher Prenzlauer Berg,Pankow,329700.29,01.01.2021
EA2F2C03-56A4-4A51-AEDF-432AF41E03A7,03601244,Humannplatz,036012,Prenzlauer Berg Nord,0360,Nördlicher Prenzlauer Berg,Pankow,364163.01,01.01.2021
A647D98E-3F72-4FAA-A1A7-7E5360CE6EFA,03601245,Ostseestraße,036012,Prenzlauer Berg Nord,0360,Nördlicher Prenzlauer Berg,Pankow,966061.55,01.01.2021
53E05249-59A4-4765-A72A-FACE3007B6C5,03601346,Gethsemanekirche,036013,Helmholtzplatz,0360,Nördlicher Prenzlauer Berg,Pankow,193540.71,01.01.2021
4CA62860-4A99-46ED-8275-160634CA9418,03601347,Helmholtzplatz,036013,Helmholtzplatz,0360,Nördlicher Prenzlauer Berg,Pankow,297844.20,01.01.2021
F3A1045B-A5A9-4E9C-ACB3-F0042786E0FF,03601348,Senefelderstraße,036013,Helmholtzplatz,0360,Nördlicher Prenzlauer Berg,Pankow,219925.28,01.01.2021
B71EED1E-96AF-413C-B945-28007271EC9C,03601449,Michelangelostraße,036014,Prenzlauer Berg Ost,0360,Nördlicher Prenzlauer Berg,Pankow,858335.00,01.01.2021
F3313665-9F5F-4501-B7A4-7DB059C461B0,03601450,Volkspark Prenzlauer Berg,036014,Prenzlauer Berg Ost,0360,Nördlicher Prenzlauer Berg,Pankow,1212042.08,01.01.2021
BDAA133B-FF8C-4B26-997F-FF8163EFC9E7,03601451,Anton-Saefkow-Park,036014,Prenzlauer Berg Ost,0360,Nördlicher Prenzlauer Berg,Pankow,546897.39,01.01.2021
B0650C04-DE3D-408B-9D29-55726E7FC240,03601452,Velodrom,036014,Prenzlauer Berg Ost,0360,Nördlicher Prenzlauer Berg,Pankow,552171.16,01.01.2021
604CBA91-41EB-4DA3-AEE2-A107ACDF7AE7,03601453,Alter Schlachthof,036014,Prenzlauer Berg Ost,0360,Nördlicher Prenzlauer Berg,Pankow,577296.88,01.01.2021
A8E92BB1-8931-4859-B9B4-2AA7FBB7B50F,03701554,Teutoburger Platz,037015,Prenzlauer Berg Südwest,0370,Südlicher Prenzlauer Berg,Pankow,548494.31,01.01.2021
8657684A-D101-4871-AA79-215AC817630C,03701555,Sredzkistraße,037015,Prenzlauer Berg Südwest,0370,Südlicher Prenzlauer Berg,Pankow,314596.55,01.01.2021
051B90A6-4194-4C37-A526-170DC6BD83AB,03701556,Kollwitzplatz,037015,Prenzlauer Berg Südwest,0370,Südlicher Prenzlauer Berg,Pankow,507074.87,01.01.2021
5F95657A-76CE-4AF3-B2A8-A730443B7E11,03701657,Thälmannpark,037016,Prenzlauer Berg Süd,0370,Südlicher Prenzlauer Berg,Pankow,441349.67,01.01.2021
B6E2C172-1DFE-4536-BE0E-B40BBC9FCC6B,03701658,Christburger Straße,037016,Prenzlauer Berg Süd,0370,Südlicher Prenzlauer Berg,Pankow,232831.19,01.01.2021
AA85E37E-2335-4AB2-AE8D-BCADA6E6F422,03701659,Immanuelkirchstraße,037016,Prenzlauer Berg Süd,0370,Südlicher Prenzlauer Berg,Pankow,411516.73,01.12.2021
E2C5D5D0-0E1C-46D3-9BE6-A67182A5A700,03701660,Bötzowstraße,037016,Prenzlauer Berg Süd,0370,Südlicher Prenzlauer Berg,Pankow,575252.24,01.12.2021
7067C40B-B293-4C99-95F4-6C6F689108F4,04100101,Jungfernheide/Plötzensee,041001,Charlottenburg Nord,0410,Charlottenburg Nord,Charlottenburg-Wilmersdorf,5250552.28,01.01.2021
F90546F6-A6D5-48D7-B072-5A30E8C6EE4E,04100102,Paul-Hertz-Siedlung,041001,Charlottenburg Nord,0410,Charlottenburg Nord,Charlottenburg-Wilmersdorf,537869.77,01.01.2021
E68EDEAF-DB83-44F3-8E35-304B00CB3E77,04200203,Olympiagelände,042002,Heerstraße,0420,Charlottenburg West,Charlottenburg-Wilmersdorf,3264447.31,01.01.2021
6539E4D7-50E5-4D5B-B166-AFA934D368CD,04200204,Angerburger Allee,042002,Heerstraße,0420,Charlottenburg West,Charlottenburg-Wilmersdorf,361441.63,01.01.2021
8AE6F87D-AB22-4AF8-89A9-625A534E9859,04200205,Flatowallee,042002,Heerstraße,0420,Charlottenburg West,Charlottenburg-Wilmersdorf,977784.80,01.01.2021
FAF3CA1D-2E31-4BFD-8554-B3B6D85B946F,04200206,Kranzallee,042002,Heerstraße,0420,Charlottenburg West,Charlottenburg-Wilmersdorf,1485568.26,01.01.2021
127B1DB2-EE84-4F18-8C0B-281B20EE8EAB,04200207,Eichkamp,042002,Heerstraße,0420,Charlottenburg West,Charlottenburg-Wilmersdorf,17441108.90,01.01.2021
F0F8EECC-B76A-4C45-BEEB-AA2328C16262,04200308,Branitzer Platz,042003,Westend,0420,Charlottenburg West,Charlottenburg-Wilmersdorf,2755154.22,01.01.2021
39A19593-E37A-4CC0-BA99-2F30D6EF8923,04200309,Neu Westend,042003,Westend,0420,Charlottenburg West,Charlottenburg-Wilmersdorf,677517.51,01.01.2021
E49F150D-EB42-473B-AA30-F4940EAAE184,04200310,Fürstenplatz,042003,Westend,0420,Charlottenburg West,Charlottenburg-Wilmersdorf,931615.15,01.01.2021
CF5CA891-71FA-4761-8374-2CBFD4C0CB1F,04200311,Königin-Elisabeth-Straße,042003,Westend,0420,Charlottenburg West,Charlottenburg-Wilmersdorf,1555819.71,01.01.2021
7BD8B031-9114-4E9D-B677-199FC9AB72CF,04300412,Schlossgarten,043004,Schloss Charlottenburg,0430,Charlottenburg Zentrum,Charlottenburg-Wilmersdorf,1261046.84,01.01.2021
4CA873D3-27C7-4E1A-B9CA-E04F51C226E9,04300413,Klausenerplatz,043004,Schloss Charlottenburg,0430,Charlottenburg Zentrum,Charlottenburg-Wilmersdorf,478704.32,01.01.2021
5617A85E-B1BE-4942-9996-9FC68D9283AC,04300414,Schloßstraße,043004,Schloss Charlottenburg,0430,Charlottenburg Zentrum,Charlottenburg-Wilmersdorf,562558.70,01.01.2021
803A14A3-8C95-4013-B7BE-9365CE45FEBE,04300415,Lietzensee,043004,Schloss Charlottenburg,0430,Charlottenburg Zentrum,Charlottenburg-Wilmersdorf,633140.39,01.01.2021
B2DF23A1-494F-43CF-BAA2-CCD58720003B,04300416,Amtsgerichtsplatz,043004,Schloss Charlottenburg,0430,Charlottenburg Zentrum,Charlottenburg-Wilmersdorf,580698.48,01.01.2021
52AD3578-26CD-4FF4-8B81-2FBC4F260861,04300517,Tegeler Weg,043005,Mierendorffplatz,0430,Charlottenburg Zentrum,Charlottenburg-Wilmersdorf,519156.10,01.01.2021
FB34DB88-CAD4-4A53-AB4F-854E1F463E93,04300518,Kaiserin-Augusta-Allee,043005,Mierendorffplatz,0430,Charlottenburg Zentrum,Charlottenburg-Wilmersdorf,1376647.60,01.01.2021
1F3BDA9C-8B33-4EC2-890B-06873E20E01F,04300619,Alt-Lietzow,043006,Otto-Suhr-Allee/Kantstraße,0430,Charlottenburg Zentrum,Charlottenburg-Wilmersdorf,536736.10,01.01.2021
B95EC766-E7EE-41E7-9AAC-58F4DE8230A5,04300620,Spreestadt,043006,Otto-Suhr-Allee/Kantstraße,0430,Charlottenburg Zentrum,Charlottenburg-Wilmersdorf,715525.61,01.01.2021
B926DD15-E2BA-4A2D-9FAF-DE1BFB90FEA5,04300621,Richard-Wagner-Straße,043006,Otto-Suhr-Allee/Kantstraße,0430,Charlottenburg Zentrum,Charlottenburg-Wilmersdorf,550741.73,01.01.2021
CCBE1BF8-6546-4FA4-B7B6-86AF97527C6A,04300622,Ernst-Reuter-Platz,043006,Otto-Suhr-Allee/Kantstraße,0430,Charlottenburg Zentrum,Charlottenburg-Wilmersdorf,959939.51,01.01.2021
07880F4D-E964-4E2E-9C79-2D990F2221BD,04300623,Karl-August-Platz,043006,Otto-Suhr-Allee/Kantstraße,0430,Charlottenburg Zentrum,Charlottenburg-Wilmersdorf,582736.82,01.01.2021
10D76892-5222-4A15-9A58-77522D6D9DAC,04300624,Savignyplatz,043006,Otto-Suhr-Allee/Kantstraße,0430,Charlottenburg Zentrum,Charlottenburg-Wilmersdorf,534645.69,01.01.2021
5DF4F78E-216F-447E-9215-3716F1E76E93,04400725,Güterbahnhof Grunewald,044007,Grunewald,0440,Wilmersdorf Süd,Charlottenburg-Wilmersdorf,543676.59,01.01.2021
2B1B5B80-7D00-435E-A419-FACE6A274DC5,04400726,Bismarckallee,044007,Grunewald,0440,Wilmersdorf Süd,Charlottenburg-Wilmersdorf,1428456.18,01.01.2021
FE91E668-F3F8-4F38-AE64-EA25E78FC2EF,04400727,Flinsberger Platz,044007,Grunewald,0440,Wilmersdorf Süd,Charlottenburg-Wilmersdorf,914968.15,01.01.2021
2202C170-20A3-40DF-B9A9-4F5EA3DB3652,04400728,Hagenplatz,044007,Grunewald,0440,Wilmersdorf Süd,Charlottenburg-Wilmersdorf,943671.38,01.01.2021
5EE14D2C-9663-4B4C-90D8-8918746952D9,04400729,Hundekehle,044007,Grunewald,0440,Wilmersdorf Süd,Charlottenburg-Wilmersdorf,3754531.35,01.01.2021
FDBC028B-732A-45D7-9913-5E0CA8EF3B1F,04400830,Forckenbeckstraße,044008,Schmargendorf,0440,Wilmersdorf Süd,Charlottenburg-Wilmersdorf,1494617.64,01.01.2021
0F4E3D00-5673-4303-B2E4-803E18A29615,04400831,Messelpark,044008,Schmargendorf,0440,Wilmersdorf Süd,Charlottenburg-Wilmersdorf,544711.08,01.01.2021
D1CF75BC-4C49-4E47-81BD-B12103AD5EB3,04400832,Breite Straße,044008,Schmargendorf,0440,Wilmersdorf Süd,Charlottenburg-Wilmersdorf,667165.71,01.01.2021
D91521D6-2D93-4643-BA50-C775A849EAFF,04400833,Schlangenbader Straße,044008,Schmargendorf,0440,Wilmersdorf Süd,Charlottenburg-Wilmersdorf,353214.02,01.01.2021
446BD3CC-B4AC-4919-A025-0A25D947EF87,04400834,Binger Straße,044008,Schmargendorf,0440,Wilmersdorf Süd,Charlottenburg-Wilmersdorf,423128.88,01.01.2021
1A31E344-ECD7-40B1-9744-93ED66A3D929,04400835,Rüdesheimer Platz,044008,Schmargendorf,0440,Wilmersdorf Süd,Charlottenburg-Wilmersdorf,600216.00,01.01.2021
2711C278-4242-4C29-ADA7-2A200B18013C,04500936,Droysenstraße,045009,Halensee,0450,Wilmersdorf Zentrum,Charlottenburg-Wilmersdorf,273549.10,01.01.2021
1D2F1DB1-4EA9-4E6D-8938-D796481A00D0,04500937,Halensee,045009,Halensee,0450,Wilmersdorf Zentrum,Charlottenburg-Wilmersdorf,709444.64,01.01.2021
BFEF89D3-70EA-4263-B859-528B0B2C4FFF,04500938,Hochmeisterplatz,045009,Halensee,0450,Wilmersdorf Zentrum,Charlottenburg-Wilmersdorf,517765.24,01.01.2021
640DCEAA-C4EA-45BE-9DDD-5F70F3CCF009,04500939,Eisenzahnstraße,045009,Halensee,0450,Wilmersdorf Zentrum,Charlottenburg-Wilmersdorf,757153.32,01.01.2021
87DBFF73-BB88-4BFB-AAB8-E67E76AF7915,04501040,Hindemithplatz,045010,Lietzenburger Straße,0450,Wilmersdorf Zentrum,Charlottenburg-Wilmersdorf,303199.96,01.01.2021
80BDC89E-808B-4E64-9323-3EC60643CD6A,04501041,George-Grosz-Platz,045010,Lietzenburger Straße,0450,Wilmersdorf Zentrum,Charlottenburg-Wilmersdorf,464764.91,01.01.2021
94F60AC4-32C9-4EF8-BA61-75CE25C855C3,04501042,Breitscheidplatz,045010,Lietzenburger Straße,0450,Wilmersdorf Zentrum,Charlottenburg-Wilmersdorf,603720.24,01.01.2021
515F4C25-E635-40C1-AE07-B8AD73D3BCFA,04501043,Preußenpark,045010,Lietzenburger Straße,0450,Wilmersdorf Zentrum,Charlottenburg-Wilmersdorf,625799.23,01.01.2021
CFD087EC-C290-46B3-8F52-943DA22ADF77,04501044,Ludwigkirchplatz,045010,Lietzenburger Straße,0450,Wilmersdorf Zentrum,Charlottenburg-Wilmersdorf,314921.76,01.01.2021
6DF80C78-690B-4330-9CCE-E5BFC28358BB,04501045,Schaperstraße,045010,Lietzenburger Straße,0450,Wilmersdorf Zentrum,Charlottenburg-Wilmersdorf,590824.23,01.01.2021
8C0466F9-700D-4EA1-8E93-CAFB7ACE7667,04501146,Barstraße,045011,Volkspark Wilmersdorf,0450,Wilmersdorf Zentrum,Charlottenburg-Wilmersdorf,668506.01,01.01.2021
62C1DAF5-F1A5-495E-9583-809C40DD5DE9,04501147,Leon-Jessel-Platz,045011,Volkspark Wilmersdorf,0450,Wilmersdorf Zentrum,Charlottenburg-Wilmersdorf,248612.38,01.01.2021
B2FED5BC-952A-4BB5-B623-0517A521B814,04501148,Brabanter Platz,045011,Volkspark Wilmersdorf,0450,Wilmersdorf Zentrum,Charlottenburg-Wilmersdorf,420103.25,01.01.2021
855A9FD4-4277-4DF6-83B8-029E6C09A0CA,04501149,Nikolsburger Platz,045011,Volkspark Wilmersdorf,0450,Wilmersdorf Zentrum,Charlottenburg-Wilmersdorf,441484.87,01.01.2021
001A6122-14D9-4534-AD8E-EEAC887B60A5,04501150,Wilhelmsaue,045011,Volkspark Wilmersdorf,0450,Wilmersdorf Zentrum,Charlottenburg-Wilmersdorf,294737.34,01.01.2021
B758A990-10CC-46AD-99ED-9F4253F213BD,04501151,Hildegardstraße,045011,Volkspark Wilmersdorf,0450,Wilmersdorf Zentrum,Charlottenburg-Wilmersdorf,323683.42,01.01.2021
ECCFEE52-53A0-4D0C-8A4F-F5D33A1D397A,04501152,Prager Platz,045011,Volkspark Wilmersdorf,0450,Wilmersdorf Zentrum,Charlottenburg-Wilmersdorf,349867.47,01.01.2021
50D62979-59FE-402B-8A79-0B4E23E0D062,04501153,Babelsberger Straße,045011,Volkspark Wilmersdorf,0450,Wilmersdorf Zentrum,Charlottenburg-Wilmersdorf,586119.81,01.01.2021
E36758FB-D877-4DC0-952C-4500328DFE77,05100101,Hakenfelde Nord,051001,Hakenfelde,0510,Spandau Mitte / Nord,Spandau,16168986.57,01.01.2021
4E14545E-A5CD-44BA-B8EE-3581B613E7D9,05100102,Am Forstacker,051001,Hakenfelde,0510,Spandau Mitte / Nord,Spandau,320909.15,01.01.2021
BE0C25B8-533B-4DD5-BC38-B4518574F1F7,05100103,Mertensstraße,051001,Hakenfelde,0510,Spandau Mitte / Nord,Spandau,719129.83,01.01.2021
B1937784-DFE5-43EC-A865-D163133E07B1,05100104,Maselake,051001,Hakenfelde,0510,Spandau Mitte / Nord,Spandau,559356.30,01.01.2021
57726297-FC19-4ECE-A68F-C88E5B6FE363,05100105,Amorbacher Weg,051001,Hakenfelde,0510,Spandau Mitte / Nord,Spandau,2202605.79,01.01.2021
4A0B0DA9-8538-48CC-A3A1-810842DC32CE,05100206,Griesingerstraße,051002,Falkenhagener Feld,0510,Spandau Mitte / Nord,Spandau,1938181.27,01.01.2021
DFCCA1E9-4411-4331-8787-E7FBD9C70E62,05100207,An der Tränke,051002,Falkenhagener Feld,0510,Spandau Mitte / Nord,Spandau,592575.82,01.01.2021
DE990DBC-EEEE-4142-A4C0-090A32EF4E18,05100208,Im Spektefeld,051002,Falkenhagener Feld,0510,Spandau Mitte / Nord,Spandau,1765428.03,01.01.2021
7360ECFF-8D50-4617-88FB-51A81110BFF1,05100209,Westerwaldstraße,051002,Falkenhagener Feld,0510,Spandau Mitte / Nord,Spandau,747060.93,01.01.2021
27DF2526-3303-45F3-A282-73F02F8BF38C,05100210,Germersheimer Platz,051002,Falkenhagener Feld,0510,Spandau Mitte / Nord,Spandau,544798.86,01.01.2021
E6C7B7D7-9B59-4FC8-BD8D-D320143D6B33,05100211,An der Kappe,051002,Falkenhagener Feld,0510,Spandau Mitte / Nord,Spandau,1402798.31,01.01.2021
B7D76C32-A9D1-4CF4-8DDF-6A658F9DD182,05100312,Eckschanze,051003,Spandau Mitte,0510,Spandau Mitte / Nord,Spandau,332714.27,01.01.2021
D3F109A5-9C20-4CCF-B16B-71A0B3C26F88,05100313,Eiswerder,051003,Spandau Mitte,0510,Spandau Mitte / Nord,Spandau,1665455.64,01.01.2021
7A421B9B-AD07-4962-943A-6697E81F12F8,05100314,Kurstraße,051003,Spandau Mitte,0510,Spandau Mitte / Nord,Spandau,475100.95,01.01.2021
DA41FF0A-1057-48BB-A350-76EED6C9B084,05100315,Ackerstraße,051003,Spandau Mitte,0510,Spandau Mitte / Nord,Spandau,489154.53,01.01.2021
8EDCECFD-C455-4715-B626-4CC1C537B47F,05100316,Carl-Schurz-Straße,051003,Spandau Mitte,0510,Spandau Mitte / Nord,Spandau,1377543.83,01.01.2021
D8A8BDB3-9177-40AE-8444-AC5904C5941D,05100317,Freiheit,051003,Spandau Mitte,0510,Spandau Mitte / Nord,Spandau,2278736.27,01.01.2021
AD562912-299C-4552-89F1-D93F3FA69BDB,05200418,Isenburger Weg,052004,Brunsbütteler Damm,0520,Wilhelmstadt / Staaken,Spandau,1284644.94,01.01.2021
C1C17E2C-6C2C-4F39-8D08-028395FEBE68,05200419,Am Heideberg,052004,Brunsbütteler Damm,0520,Wilhelmstadt / Staaken,Spandau,422284.08,01.01.2021
BBF718C2-88D9-4DF4-B65D-E6473705BFD8,05200420,Staakener Straße,052004,Brunsbütteler Damm,0520,Wilhelmstadt / Staaken,Spandau,2627543.88,01.01.2021
AD46E1CA-0B5A-4F4B-AE8C-C79202490D51,05200421,Spandauer Straße,052004,Brunsbütteler Damm,0520,Wilhelmstadt / Staaken,Spandau,720077.48,01.01.2021
86987A05-7CA7-478D-B3AE-D6E7F886B7BB,05200422,Werkstraße,052004,Brunsbütteler Damm,0520,Wilhelmstadt / Staaken,Spandau,1187927.36,01.01.2021
5E840F9A-52AD-47AB-86A0-BF2827104611,05200423,Magistratsweg,052004,Brunsbütteler Damm,0520,Wilhelmstadt / Staaken,Spandau,640368.95,01.01.2021
3AB652E9-4DEF-40BA-BC3F-07EC71485037,05200524,Döberitzer Weg,052005,Heerstraße,0520,Wilhelmstadt / Staaken,Spandau,1660886.45,01.01.2021
0B137114-B7DE-48CA-AA89-9A08CCAB6859,05200525,Pillnitzer Weg,052005,Heerstraße,0520,Wilhelmstadt / Staaken,Spandau,1475133.02,01.01.2021
BFBC0D23-6B0B-4754-B338-2DE9150C4809,05200526,Rudolf-Wissell-Großsiedlung,052005,Heerstraße,0520,Wilhelmstadt / Staaken,Spandau,379183.62,01.01.2021
CD7F8AC3-858E-4EF0-8031-3F78AE3884CB,05200527,Maulbeerallee,052005,Heerstraße,0520,Wilhelmstadt / Staaken,Spandau,1311844.31,01.01.2021
DF529009-9A7C-459F-B1AC-2CE2BEEFA1AA,05200528,Weinmeisterhornweg,052005,Heerstraße,0520,Wilhelmstadt / Staaken,Spandau,2738298.70,01.01.2021
EFAE935B-BBCF-40E4-A970-6F31F323A448,05200629,Borkumer Straße,052006,Wilhelmstadt,0520,Wilhelmstadt / Staaken,Spandau,1325582.05,01.01.2021
C3395F87-B20C-4453-B390-A68CA86E0A9A,05200630,Wilhelmstadt West,052006,Wilhelmstadt,0520,Wilhelmstadt / Staaken,Spandau,909121.87,01.01.2021
F79901CE-5412-4CC0-8C1F-B12FFBD4A4FD,05200631,Wilhelmstadt Ost,052006,Wilhelmstadt,0520,Wilhelmstadt / Staaken,Spandau,542138.38,01.01.2021
1A1FC4D1-DBB9-4D3F-8146-0A2F71A3DA9F,05200632,Tiefwerder,052006,Wilhelmstadt,0520,Wilhelmstadt / Staaken,Spandau,1565012.11,01.01.2021
3C38BE55-9492-4934-AF97-ABAB881FEC34,05200633,Graetschelsteig,052006,Wilhelmstadt,0520,Wilhelmstadt / Staaken,Spandau,491051.81,01.01.2021
4B0497C9-ACC8-4367-9230-56D460BC4609,05200634,Börnicker Straße,052006,Wilhelmstadt,0520,Wilhelmstadt / Staaken,Spandau,3734160.03,01.01.2021
312A423B-1FB5-4753-A861-22A07C0FB41F,05300735,Haveleck,053007,Haselhorst,0530,Haselhorst / Siemensstadt,Spandau,1032894.01,01.01.2021
06025528-65B6-481D-8A86-0A14CFF6C9F9,05300736,Zitadellenweg,053007,Haselhorst,0530,Haselhorst / Siemensstadt,Spandau,2619004.67,01.01.2021
08520D6B-8B1D-4C85-9CEE-E07F6B53509B,05300737,Gartenfelder Straße,053007,Haselhorst,0530,Haselhorst / Siemensstadt,Spandau,1041752.60,01.01.2021
7F0AC352-56C9-455F-8D9D-AE0BF4E28486,05300838,Gartenfeld,053008,Siemensstadt,0530,Haselhorst / Siemensstadt,Spandau,934743.09,01.01.2021
31C05B20-E738-43B3-9A5F-56000C902284,05300839,Rohrdamm,053008,Siemensstadt,0530,Haselhorst / Siemensstadt,Spandau,1217881.93,01.01.2021
B8398EFB-5293-4C30-A05C-D06CAB5DC0DD,05300840,Nonnendammallee,053008,Siemensstadt,0530,Haselhorst / Siemensstadt,Spandau,3274879.00,01.01.2021
5D259258-BDE9-48D7-A2FE-3DB2ACBBF83C,05300841,Siemensdamm,053008,Siemensstadt,0530,Haselhorst / Siemensstadt,Spandau,268024.36,01.01.2021
36D4362C-4139-4044-82B6-3B97BAF7C8ED,05400942,Alt-Gatow,054009,Gatow/Kladow,0540,Gatow / Kladow,Spandau,11509827.33,01.01.2021
FABEABD6-3AE2-49A5-908C-BBB1726B3781,05400943,Jägerallee,054009,Gatow/Kladow,0540,Gatow / Kladow,Spandau,7332065.96,01.01.2021
20B60073-C57D-4249-A92B-328156773093,05400944,Kladower Damm,054009,Gatow/Kladow,0540,Gatow / Kladow,Spandau,4312231.54,01.01.2021
1CDBCD5C-8DC5-4A8A-AE09-25F7148FDD9F,05400945,Kafkastraße,054009,Gatow/Kladow,0540,Gatow / Kladow,Spandau,1737259.24,01.01.2021
C3FF69EF-D8BC-4E0A-85B6-8F9E0FE0EEB6,06100101,Fichtenberg,061001,Schloßstraße,0610,Steglitz,Steglitz-Zehlendorf,989983.71,01.01.2021
2C0BF31D-973B-4190-81F6-6635A746D5EC,06100102,Schloßstraße,061001,Schloßstraße,0610,Steglitz,Steglitz-Zehlendorf,488818.42,01.01.2021
78D70DD8-45C5-46F7-ADE6-BAF66636E869,06100103,Markelstraße,061001,Schloßstraße,0610,Steglitz,Steglitz-Zehlendorf,461311.55,01.01.2021
3925576D-9416-49E2-9E65-CCC11306AC3B,06100204,Munsterdamm,061002,Albrechtstraße,0610,Steglitz,Steglitz-Zehlendorf,1115963.34,01.01.2021
1F774EC1-177C-4B30-AEC2-978F888B1745,06100205,Südende,061002,Albrechtstraße,0610,Steglitz,Steglitz-Zehlendorf,850878.73,01.01.2021
002176CA-983E-4F12-8322-A9A3E8182D14,06100206,Stadtpark,061002,Albrechtstraße,0610,Steglitz,Steglitz-Zehlendorf,710879.75,01.01.2021
6D3AF90A-4080-4F17-BC38-FF342E29D4EB,06100207,Mittelstraße,061002,Albrechtstraße,0610,Steglitz,Steglitz-Zehlendorf,679697.38,01.01.2021
B0C2BF33-7C9F-483B-BF1F-55F8F9629153,06100208,Bergstraße,061002,Albrechtstraße,0610,Steglitz,Steglitz-Zehlendorf,620627.59,01.01.2021
CEBAA708-D6ED-47A7-8BCD-28113F4C6E9C,06100209,Feuerbachstraße,061002,Albrechtstraße,0610,Steglitz,Steglitz-Zehlendorf,633843.81,01.01.2021
F1AF5B07-FDB3-4CD4-B43B-39172EC69A4A,06100210,Bismarckstraße,061002,Albrechtstraße,0610,Steglitz,Steglitz-Zehlendorf,235557.21,01.01.2021
8269E1FE-36DF-4634-9ABC-F66E0509AD42,06200311,Alt-Lankwitz,062003,Lankwitz,0620,Lankwitz/Lichterfelde Ost,Steglitz-Zehlendorf,993766.73,01.01.2021
6B54D0C5-4BCF-43C4-9F1C-6768DF3B9C1B,06200312,Komponistenviertel Lankwitz,062003,Lankwitz,0620,Lankwitz/Lichterfelde Ost,Steglitz-Zehlendorf,1237860.94,01.01.2021
373A6BF6-A4B8-4F87-8062-96CE058C3F75,06200313,Lankwitz Kirche,062003,Lankwitz,0620,Lankwitz/Lichterfelde Ost,Steglitz-Zehlendorf,698883.66,01.01.2021
E643A13B-0D06-417D-93CE-3D3E13F1AB6C,06200314,Kaiser-Wilhelm-Straße,062003,Lankwitz,0620,Lankwitz/Lichterfelde Ost,Steglitz-Zehlendorf,733788.62,01.01.2021
D842E4EA-5FC5-4069-9110-3C3A8D5AFF77,06200315,Gallwitzallee,062003,Lankwitz,0620,Lankwitz/Lichterfelde Ost,Steglitz-Zehlendorf,1175532.49,01.01.2021
5D8E6EC8-B9E6-41E3-A886-D98FAD20A9C1,06200316,Belßstraße,062003,Lankwitz,0620,Lankwitz/Lichterfelde Ost,Steglitz-Zehlendorf,671770.33,01.01.2021
8A939356-84CC-4022-AFE7-DB165D0AF0E7,06200317,Lankwitz Süd,062003,Lankwitz,0620,Lankwitz/Lichterfelde Ost,Steglitz-Zehlendorf,1481614.01,01.01.2021
7BE79115-2F19-4905-BF1F-3818EE488B89,06200418,Landweg,062004,Ostpreußendamm,0620,Lankwitz/Lichterfelde Ost,Steglitz-Zehlendorf,1105447.21,01.01.2021
07A2FD0F-8163-4E2C-B3BA-2765BADDAF37,06200419,Thermometersiedlung,062004,Ostpreußendamm,0620,Lankwitz/Lichterfelde Ost,Steglitz-Zehlendorf,321221.10,01.01.2021
495E3C14-B534-4CE7-8D52-923B6C99D2E4,06200420,Lichterfelde Süd,062004,Ostpreußendamm,0620,Lankwitz/Lichterfelde Ost,Steglitz-Zehlendorf,1370743.87,01.01.2021
C6AF3CF0-E55F-438D-A9A3-45A6ECC8A644,06200421,Königsberger Straße,062004,Ostpreußendamm,0620,Lankwitz/Lichterfelde Ost,Steglitz-Zehlendorf,2035778.68,01.01.2021
9A9318F5-1CD5-419E-AACE-01BD284F629F,06200422,Oberhofer Platz,062004,Ostpreußendamm,0620,Lankwitz/Lichterfelde Ost,Steglitz-Zehlendorf,1367524.06,01.01.2021
3D6F62A1-CABE-44CC-8184-B9CB9A4A36D0,06200423,Schütte-Lanz-Straße,062004,Ostpreußendamm,0620,Lankwitz/Lichterfelde Ost,Steglitz-Zehlendorf,1741852.20,01.01.2021
09C37EF8-B8BA-4110-BF99-7A5D17BCDEDD,06300524,Berlepschstraße,063005,Teltower Damm,0630,Zehlendorf Süd/Lichterfelde West,Steglitz-Zehlendorf,1745613.63,01.01.2021
3EFD9BC8-516E-4906-8472-97C147B9878A,06300525,Zehlendorf Süd,063005,Teltower Damm,0630,Zehlendorf Süd/Lichterfelde West,Steglitz-Zehlendorf,1313492.85,01.01.2021
0F65A583-8DC5-4D12-8BFC-A4E21FA96568,06300526,Zehlendorf Mitte,063005,Teltower Damm,0630,Zehlendorf Süd/Lichterfelde West,Steglitz-Zehlendorf,905355.72,01.01.2021
409BFBA3-6D1E-4962-A900-112075A763C2,06300527,Sundgauer Straße,063005,Teltower Damm,0630,Zehlendorf Süd/Lichterfelde West,Steglitz-Zehlendorf,979998.29,01.01.2021
CA5BD3C2-A51E-4BCE-9377-C4AE1D99ED7B,06300528,Teltower Damm,063005,Teltower Damm,0630,Zehlendorf Süd/Lichterfelde West,Steglitz-Zehlendorf,3119504.58,01.01.2021
4C035688-BC36-4211-83D4-108E853B1688,06300629,Botanischer Garten,063006,Drakestraße,0630,Zehlendorf Süd/Lichterfelde West,Steglitz-Zehlendorf,1416801.21,01.01.2021
07DBC118-FC9C-4E06-894F-E169357BE961,06300630,Hindenburgdamm,063006,Drakestraße,0630,Zehlendorf Süd/Lichterfelde West,Steglitz-Zehlendorf,744838.47,01.01.2021
CCA5B35A-D560-4E1F-9CDE-0C79086D194A,06300631,Goerzwerke,063006,Drakestraße,0630,Zehlendorf Süd/Lichterfelde West,Steglitz-Zehlendorf,1783648.80,01.01.2021
BEC82514-E6CC-4532-894D-BDA32666D1FE,06300632,Schweizer Viertel,063006,Drakestraße,0630,Zehlendorf Süd/Lichterfelde West,Steglitz-Zehlendorf,3085929.05,01.01.2021
7CC2B5B3-EDC8-40A2-8220-F5EE76125404,06300633,Augustaplatz,063006,Drakestraße,0630,Zehlendorf Süd/Lichterfelde West,Steglitz-Zehlendorf,1667908.74,01.01.2021
DAD62AD1-F347-4793-AD3B-B6FE7611C7ED,06300634,Lichterfelde West,063006,Drakestraße,0630,Zehlendorf Süd/Lichterfelde West,Steglitz-Zehlendorf,1584148.59,01.01.2021
C7B8F5ED-F41C-43B8-A060-21E7FF5145AB,06400735,Wannsee,064007,Zehlendorf Südwest,0640,Zehlendorf Nord/Wannsee,Steglitz-Zehlendorf,23735232.25,01.01.2021
BDE4A468-2D3C-45B7-82B4-691676DAFC2B,06400736,Düppel,064007,Zehlendorf Südwest,0640,Zehlendorf Nord/Wannsee,Steglitz-Zehlendorf,3130559.84,01.01.2021
9D766D44-0FBD-4F2A-A131-D33BA5BCF54C,06400737,Nikolassee,064007,Zehlendorf Südwest,0640,Zehlendorf Nord/Wannsee,Steglitz-Zehlendorf,16490502.19,01.01.2021
F222AAA6-2C56-43F6-9852-031A931DF7E9,06400838,Krumme Lanke,064008,Zehlendorf Nord,0640,Zehlendorf Nord/Wannsee,Steglitz-Zehlendorf,6419300.11,01.01.2021
454A145E-6EA3-4D30-B702-56916E829BF6,06400839,Fischerhüttenstraße,064008,Zehlendorf Nord,0640,Zehlendorf Nord/Wannsee,Steglitz-Zehlendorf,1832755.71,01.01.2021
CFE33023-BDC7-4034-9E09-C2CD4D091D22,06400840,Fischtal,064008,Zehlendorf Nord,0640,Zehlendorf Nord/Wannsee,Steglitz-Zehlendorf,1385412.91,01.01.2021
562E120B-25F8-4F9C-ACD4-2F2179EDCC40,06400841,Zehlendorf Eiche,064008,Zehlendorf Nord,0640,Zehlendorf Nord/Wannsee,Steglitz-Zehlendorf,1102154.01,01.01.2021
4BB10ACD-1D13-455C-9D0E-6010A0D98634,06400842,Hüttenweg,064008,Zehlendorf Nord,0640,Zehlendorf Nord/Wannsee,Steglitz-Zehlendorf,2975008.67,01.01.2021
B3F78544-2E8B-4715-8848-D102C6E28A68,06400843,Thielallee,064008,Zehlendorf Nord,0640,Zehlendorf Nord/Wannsee,Steglitz-Zehlendorf,2111270.46,01.01.2021
C85ACE8D-7866-43F8-85CF-0E5A2841AB45,06400844,Dahlem,064008,Zehlendorf Nord,0640,Zehlendorf Nord/Wannsee,Steglitz-Zehlendorf,3308763.84,01.01.2021
28C56549-CB46-400B-9120-256D9BC76F40,07100101,Wittenbergplatz,071001,Schöneberg Nordwest,0710,Schöneberg Nord,Tempelhof-Schöneberg,621012.04,01.01.2021
350E7781-6B3B-47D2-AFBB-BC7CD5D5226B,07100102,Kalckreuthstraße,071001,Schöneberg Nordwest,0710,Schöneberg Nord,Tempelhof-Schöneberg,516607.54,01.01.2021
A0CD6177-D1AA-48BA-B7C7-7AE812F5936B,07100103,Frobenstraße,071001,Schöneberg Nordwest,0710,Schöneberg Nord,Tempelhof-Schöneberg,342048.44,01.01.2021
BA1F638A-BCC3-4849-A1F2-4FE219E2EA46,07100204,Barbarossaplatz,071002,Schöneberg Nordost,0710,Schöneberg Nord,Tempelhof-Schöneberg,515158.77,01.01.2021
66CFB34F-208F-4CA4-BD9B-AEC2FDAD7069,07100205,Alvenslebenstraße,071002,Schöneberg Nordost,0710,Schöneberg Nord,Tempelhof-Schöneberg,317589.24,01.01.2021
0ECBC6B6-D5D5-4711-9F7D-B6068E588E3B,07100206,Großgörschenstraße,071002,Schöneberg Nordost,0710,Schöneberg Nord,Tempelhof-Schöneberg,534763.03,01.01.2021
2324EF5D-EA4C-4E6C-9709-D91D7F513CF9,07200307,Bayerischer Platz,072003,Schöneberg Südwest,0720,Schöneberg Süd,Tempelhof-Schöneberg,523942.87,01.01.2021
E0525421-9463-407E-BB3C-80F9C770A967,07200308,Volkspark (Rudolph-Wilde-Park),072003,Schöneberg Südwest,0720,Schöneberg Süd,Tempelhof-Schöneberg,626745.84,01.01.2021
E9B836BF-0CF2-4A95-948B-74F271286335,07200409,Belziger Straße,072004,Schöneberg Südost,0720,Schöneberg Süd,Tempelhof-Schöneberg,530593.06,01.01.2021
EB19481E-96FB-41F4-B93E-F8B59D2778B3,07200410,Feurigstraße,072004,Schöneberg Südost,0720,Schöneberg Süd,Tempelhof-Schöneberg,250443.74,01.01.2021
85EC4871-62DC-4353-8E59-269A633CCFC5,07200411,Julius-Leber-Brücke,072004,Schöneberg Südost,0720,Schöneberg Süd,Tempelhof-Schöneberg,135106.96,01.01.2021
A0AE556D-82F0-4F44-97F1-272D10D43577,07200412,Schöneberger Linse,072004,Schöneberg Südost,0720,Schöneberg Süd,Tempelhof-Schöneberg,231297.53,01.01.2021
254F5FFD-3B0A-4102-8BCD-92C767703A80,07200413,Cheruskerstraße,072004,Schöneberg Südost,0720,Schöneberg Süd,Tempelhof-Schöneberg,797229.77,01.01.2021
EA894668-78F7-4A3C-A3B1-E0173D810C6D,07200414,Hohenfriedbergstraße,072004,Schöneberg Südost,0720,Schöneberg Süd,Tempelhof-Schöneberg,263437.11,01.01.2021
4BF8BEC4-195B-4C94-B5A5-47FDFD68EB54,07300515,Taunusstraße,073005,Friedenau West,0730,Friedenau,Tempelhof-Schöneberg,367069.40,01.01.2021
A2F78E95-A8E0-45CD-992D-FA9A0101DCB9,07300516,Odenwaldstraße,073005,Friedenau West,0730,Friedenau,Tempelhof-Schöneberg,458723.17,01.01.2021
820EE03B-7FA5-49CD-B84C-4949D4B5F806,07300517,Perelsplatz,073005,Friedenau West,0730,Friedenau,Tempelhof-Schöneberg,636686.26,01.01.2021
4DA0AA48-A088-46BB-8050-6B6330C7DD08,07300618,Ceciliengärten,073006,Friedenau Ost,0730,Friedenau,Tempelhof-Schöneberg,567664.29,01.01.2021
5973D794-D8F7-4484-9689-570BDB201C10,07300619,Grazer Platz,073006,Friedenau Ost,0730,Friedenau,Tempelhof-Schöneberg,2573809.51,01.01.2021
F7661793-849C-4684-BE37-A63EAAB75833,07400720,Gontermannstraße,074007,Tempelhof Nord,0740,Tempelhof,Tempelhof-Schöneberg,1184468.61,01.01.2021
5DE5790C-3CFE-45E9-9AE2-91C3A9B1E6BC,07400721,Paradestraße,074007,Tempelhof Nord,0740,Tempelhof,Tempelhof-Schöneberg,4281177.32,01.01.2021
431D4F52-0102-4A88-8EF4-868CE1431F22,07400822,Lindenhofsiedlung,074008,Tempelhof Südwest,0740,Tempelhof,Tempelhof-Schöneberg,1453448.74,01.01.2021
E21EEF03-0990-4D19-BB83-903984F1BC13,07400823,Wittekindstraße,074008,Tempelhof Südwest,0740,Tempelhof,Tempelhof-Schöneberg,805351.22,01.01.2021
41837E64-002A-43B1-9B69-883C0EA5ED6F,07400824,Bosepark,074008,Tempelhof Südwest,0740,Tempelhof,Tempelhof-Schöneberg,636909.40,01.01.2021
C34B2F70-F157-4966-B991-1FE97235E983,07400825,Friedrich-Karl-Straße,074008,Tempelhof Südwest,0740,Tempelhof,Tempelhof-Schöneberg,418525.21,01.01.2021
BFFB6E77-4F2D-46D0-8AE1-E17B015AA88A,07400826,Marienhöhe,074008,Tempelhof Südwest,0740,Tempelhof,Tempelhof-Schöneberg,1169649.59,01.01.2021
5D8E2D3F-AFF3-4304-8C11-DDE3753EEF7A,07400927,Rathaus Tempelhof,074009,Tempelhof Südost,0740,Tempelhof,Tempelhof-Schöneberg,3059338.23,01.01.2021
455D6B71-882B-4956-BB33-5A47AC9DFEDD,07400928,Germaniagarten,074009,Tempelhof Südost,0740,Tempelhof,Tempelhof-Schöneberg,660319.24,01.01.2021
0711D368-C251-412C-8BEA-FAACD833D97C,07501029,Ringstraße,075010,Mariendorf Nord,0750,Mariendorf,Tempelhof-Schöneberg,1441993.97,01.01.2021
FB88C460-F607-460A-A591-ABF7654BCA5C,07501030,Machonstraße,075010,Mariendorf Nord,0750,Mariendorf,Tempelhof-Schöneberg,597120.69,01.01.2021
20E2B630-1FE6-43D6-859B-C92424FD0FAD,07501031,Eisenacher Straße,075010,Mariendorf Nord,0750,Mariendorf,Tempelhof-Schöneberg,1542290.44,01.01.2021
3F8BA177-6FBE-4C7F-8BFE-F7E2FDE0F66B,07501032,Imbrosweg,075010,Mariendorf Nord,0750,Mariendorf,Tempelhof-Schöneberg,1232173.93,01.01.2021
4444B05E-EB8E-4BE2-B6FB-7747F8CF0451,07501133,Fritz-Werner-Straße,075011,Mariendorf Süd,0750,Mariendorf,Tempelhof-Schöneberg,1756185.26,01.01.2021
E29E33D7-C71B-4DC7-A280-7C26D4B4085D,07501134,Hundsteinweg,075011,Mariendorf Süd,0750,Mariendorf,Tempelhof-Schöneberg,2253607.84,01.01.2021
B5C7770E-1C1F-466C-AB58-5DF4CBA099D8,07501135,Birnhornweg,075011,Mariendorf Süd,0750,Mariendorf,Tempelhof-Schöneberg,555583.55,01.01.2021
6620417B-FB86-4660-8C84-00682ADDF754,07601236,Marienfelder Allee Nordwest,076012,Marienfelde Nord,0760,Marienfelde / Lichtenrade,Tempelhof-Schöneberg,1147192.59,01.01.2021
EFD9A475-59C3-4067-9B6A-9B81D17AD490,07601237,Kirchstraße,076012,Marienfelde Nord,0760,Marienfelde / Lichtenrade,Tempelhof-Schöneberg,1235702.41,01.01.2021
805000B3-B068-40DC-A4F0-DE31857ACB51,07601238,Marienfelde Nordost,076012,Marienfelde Nord,0760,Marienfelde / Lichtenrade,Tempelhof-Schöneberg,1985033.15,01.01.2021
BEA7B758-005A-4E15-AC72-4AC29F689C4B,07601339,Tirschenreuther Ring West,076013,Marienfelde Süd,0760,Marienfelde / Lichtenrade,Tempelhof-Schöneberg,453772.11,01.01.2021
ABB42EE9-2C2F-4E81-989D-3FF1A00634CE,07601340,Tirschenreuther Ring Ost,076013,Marienfelde Süd,0760,Marienfelde / Lichtenrade,Tempelhof-Schöneberg,413975.41,01.01.2021
9AA967B4-237E-4D09-BA8F-AD713986CF28,07601341,Diedersdorfer Weg,076013,Marienfelde Süd,0760,Marienfelde / Lichtenrade,Tempelhof-Schöneberg,3913482.87,01.01.2021
F232B2CF-D14E-4C97-B471-82B75C5104F8,07601442,Kettinger Straße,076014,Lichtenrade Nord,0760,Marienfelde / Lichtenrade,Tempelhof-Schöneberg,2348240.77,01.01.2021
A6B7C77F-B175-4770-8758-84A4044CC031,07601443,Töpchiner Weg,076014,Lichtenrade Nord,0760,Marienfelde / Lichtenrade,Tempelhof-Schöneberg,1986717.05,01.01.2021
3C8718A5-8F89-4138-88E5-E2E14359D9CA,07601544,John-Locke-Straße,076015,Lichtenrade Süd,0760,Marienfelde / Lichtenrade,Tempelhof-Schöneberg,1123882.53,01.01.2021
BEDA7E52-39B1-4B97-A0F2-DB02ED80A4B2,07601545,Nahariyastraße,076015,Lichtenrade Süd,0760,Marienfelde / Lichtenrade,Tempelhof-Schöneberg,900471.31,01.01.2021
0DA5E556-3FFF-4B7D-976A-7F1A9D77437C,07601546,Franziusweg,076015,Lichtenrade Süd,0760,Marienfelde / Lichtenrade,Tempelhof-Schöneberg,1774369.43,01.01.2021
AC59FC14-38AD-406C-B59E-01948228E702,07601547,Horstwalder Straße,076015,Lichtenrade Süd,0760,Marienfelde / Lichtenrade,Tempelhof-Schöneberg,941447.21,01.01.2021
A4CDF7BC-B194-49E4-9646-7C2B23D997A2,07601548,Wittelsbacherstraße,076015,Lichtenrade Süd,0760,Marienfelde / Lichtenrade,Tempelhof-Schöneberg,968275.30,01.01.2021
98695BE4-BA0F-4D6C-A98B-E137ED93E4E8,08100101,Hasenheide,081001,Schillerpromenade,0810,Neukölln,Neukölln,866365.32,01.01.2021
6EAE5AA5-FE12-4677-A49E-8FEDAA962B08,08100102,Schillerpromenade Nord,081001,Schillerpromenade,0810,Neukölln,Neukölln,589651.68,01.01.2021
5DE15BAA-C2E6-4415-8622-74C84CE9DF3D,08100103,Schillerpromenade Süd,081001,Schillerpromenade,0810,Neukölln,Neukölln,479083.85,01.01.2021
F313EF84-69A6-41ED-805E-319231295C76,08100104,Wartheplatz,081001,Schillerpromenade,0810,Neukölln,Neukölln,551192.08,01.01.2021
895BE815-39E3-4FDC-AC1E-6790C7CCDF7F,08100105,Silbersteinstraße,081001,Schillerpromenade,0810,Neukölln,Neukölln,463913.24,01.01.2021
8C4F542A-0836-48F0-A8FA-21840CD987D6,08100206,Flughafenstraße,081002,Neuköllner Mitte/Zentrum,0810,Neukölln,Neukölln,421634.54,01.01.2021
6363FB50-04A6-4F1B-AFB1-CA992C86C580,08100207,Rollberg,081002,Neuköllner Mitte/Zentrum,0810,Neukölln,Neukölln,371779.34,01.01.2021
28A987E0-4D12-4248-8011-CF3BE5CB96F2,08100208,Körnerpark,081002,Neuköllner Mitte/Zentrum,0810,Neukölln,Neukölln,553859.98,01.01.2021
FD68547C-68F8-456A-B1FB-6D090E5CF622,08100209,Glasower Straße,081002,Neuköllner Mitte/Zentrum,0810,Neukölln,Neukölln,589240.09,01.01.2021
56C155F0-2426-45E1-9897-9A47D0C1C5DD,08100310,Maybachufer,081003,Reuterstraße,0810,Neukölln,Neukölln,254734.13,01.01.2021
02154736-07CE-4714-903B-C2DE999B6122,08100311,Reuterplatz,081003,Reuterstraße,0810,Neukölln,Neukölln,259583.29,01.01.2021
BC2DDA77-240D-435C-B139-622EB328BBFA,08100312,Weichselplatz,081003,Reuterstraße,0810,Neukölln,Neukölln,515951.99,01.01.2021
2C3912BA-BF08-4F47-AE16-315923DFBF51,08100313,Bouchéstraße,081003,Reuterstraße,0810,Neukölln,Neukölln,140059.91,01.01.2021
BE80307D-5462-440A-A0EB-AA608EA62C46,08100314,Donaustraße,081003,Reuterstraße,0810,Neukölln,Neukölln,255921.89,01.01.2021
FEF6584C-E954-4D59-8208-4BFD2A5F4228,08100415,Ganghoferstraße,081004,Rixdorf,0810,Neukölln,Neukölln,255376.34,01.01.2021
EF95B741-18DB-4F72-81BC-9687F4C05BF9,08100416,Alt-Rixdorf,081004,Rixdorf,0810,Neukölln,Neukölln,334335.88,01.01.2021
51CCE990-A6FC-4E5B-8B10-7910E4A957E4,08100417,Braunschweiger Straße,081004,Rixdorf,0810,Neukölln,Neukölln,412653.09,01.01.2021
76721F73-A9FF-4FB9-B030-18727FF72E80,08100418,Hertzbergplatz,081004,Rixdorf,0810,Neukölln,Neukölln,640255.38,01.01.2021
3CDA6E4C-2C18-4F26-AD1C-20C86B8309BA,08100419,Treptower Straße Nord,081004,Rixdorf,0810,Neukölln,Neukölln,430621.97,01.01.2021
4066CF60-B1A1-4ED1-AF40-118F377CDEC6,08100520,Weiße Siedlung,081005,Köllnische Heide,0810,Neukölln,Neukölln,1120634.47,01.01.2021
7D0E3868-D878-45D5-8983-BFF0160442D3,08100521,Schulenburgpark,081005,Köllnische Heide,0810,Neukölln,Neukölln,2197575.98,01.01.2021
52536B99-4ED6-4598-BEBF-C11428FFEBEB,08200622,Jahnstraße,082006,Britz Nord,0820,Britz/Buckow,Neukölln,667047.98,01.01.2021
9A028780-00CA-4592-8854-2183BAA84372,08200623,Park am Buschkrug,082006,Britz Nord,0820,Britz/Buckow,Neukölln,1179332.49,01.01.2021
693737F8-1157-47F9-A730-FBF794882897,08200624,Tempelhofer Weg,082006,Britz Nord,0820,Britz/Buckow,Neukölln,1189617.28,01.01.2021
B55CB3B0-5FC6-4771-AF9E-557793BD1B90,08200725,Mohriner Allee Nord,082007,Britz,0820,Britz/Buckow,Neukölln,1629952.01,01.01.2021
35F1D215-9B21-4EF2-A370-C2B2E24ED60C,08200726,Hufeisensiedlung,082007,Britz,0820,Britz/Buckow,Neukölln,988545.00,01.01.2021
9F31B16D-E14F-4116-B7A3-2215ECB6A5D6,08200727,Parchimer Allee Süd,082007,Britz,0820,Britz/Buckow,Neukölln,1156789.48,01.01.2021
9E28315F-38D8-4EBA-A0EB-1B994B783699,08200728,Ortolanweg,082007,Britz,0820,Britz/Buckow,Neukölln,1186466.74,01.01.2021
1CD4B909-3451-40AC-8114-E7A8C2BC8B9F,08200729,Britzer Garten,082007,Britz,0820,Britz/Buckow,Neukölln,3152366.00,01.01.2021
960EE761-2EF0-4307-88DB-862190E0C221,08200730,Handwerker-Siedlung,082007,Britz,0820,Britz/Buckow,Neukölln,1376467.37,01.01.2021
CAF53D9A-AD32-4BBA-9207-9DBD4FA27CF2,08200831,Buckow West,082008,Buckow,0820,Britz/Buckow,Neukölln,1457782.98,01.01.2021
62F14C5A-114D-4CE1-B03B-5773CBBC0954,08200832,Buckow Mitte,082008,Buckow,0820,Britz/Buckow,Neukölln,2032601.08,01.01.2021
E2B59F09-A640-4B71-AFCD-FD048B13D40F,08200833,Buckow Ost,082008,Buckow,0820,Britz/Buckow,Neukölln,1106992.26,01.01.2021
DD7537CF-D969-432C-AAB8-62BE39C121BB,08300934,Gropiusstadt Nord-West,083009,Gropiusstadt West,0830,Gropiusstadt,Neukölln,847625.39,01.01.2021
9F1F1181-79AA-4966-9F66-FBB980CFBAC0,08300935,Gropiusstadt Süd-West,083009,Gropiusstadt West,0830,Gropiusstadt,Neukölln,677342.29,01.01.2021
ADE91C20-EA4E-4652-B2E0-52AFCE5ACA49,08301036,Gropiusstadt Mitte,083010,Gropiusstadt Ost,0830,Gropiusstadt,Neukölln,695028.22,01.01.2021
209D574E-82A0-4993-9C2C-557A71B80E15,08301037,Gropiusstadt Süd-Ost,083010,Gropiusstadt Ost,0830,Gropiusstadt,Neukölln,437945.86,01.01.2021
6673D17A-9A7C-44D5-9CA5-581C7C0EC5D1,08401138,Goldhähnchenweg,084011,Buckow Nord,0840,Buckow Nord/Rudow,Neukölln,133644.00,01.01.2021
E418FCFB-92A2-4C4B-BA21-7DE1712599B1,08401139,Vogelviertel Süd,084011,Buckow Nord,0840,Buckow Nord/Rudow,Neukölln,826773.03,01.01.2021
0B31C586-4995-48BE-82F3-24A047EE7CA7,08401140,Vogelviertel Nord,084011,Buckow Nord,0840,Buckow Nord/Rudow,Neukölln,440895.90,01.01.2021
2BC44862-4EDC-411D-B017-9C8CCF853320,08401241,Blumenviertel,084012,Rudow,0840,Buckow Nord/Rudow,Neukölln,2120055.05,01.01.2021
F38BBB9B-170B-4A17-9A8E-1545B2DB478E,08401242,Zittauer Straße,084012,Rudow,0840,Buckow Nord/Rudow,Neukölln,1922494.46,01.01.2021
9FC09897-EF39-418A-8148-199C6BB88BA0,08401243,Alt-Rudow,084012,Rudow,0840,Buckow Nord/Rudow,Neukölln,2508182.71,01.01.2021
B2261CD3-EE16-43D0-8841-BEE2997A5DBB,08401244,Waßmannsdorfer Chaussee,084012,Rudow,0840,Buckow Nord/Rudow,Neukölln,2776853.84,01.01.2021
4C6651DE-B643-46FB-924F-A75463E9D4E9,08401245,Frauenviertel,084012,Rudow,0840,Buckow Nord/Rudow,Neukölln,471894.55,01.01.2021
27D6E398-3BFE-4549-8DC0-DAF0DE5B5FF2,08401246,Waltersdorfer Chaussee Ost,084012,Rudow,0840,Buckow Nord/Rudow,Neukölln,2245178.48,01.01.2021
077BE81D-43F3-427D-B5AA-1111875200C2,09100101,Alt-Treptow,091001,Alt-Treptow,0910,Treptow-Köpenick 1,Treptow-Köpenick,2314193.10,01.01.2021
415BC078-89D3-4686-BA16-7C86F8EBD3F7,09100202,Plänterwald West,091002,Plänterwald,0910,Treptow-Köpenick 1,Treptow-Köpenick,854071.54,01.01.2021
300D33BE-DD07-4E36-B2B3-E43B15348FC7,09100203,Plänterwald Ost,091002,Plänterwald,0910,Treptow-Köpenick 1,Treptow-Köpenick,2145041.58,01.01.2021
6300C57E-A5D9-4478-B7B5-6433A738024E,09100304,Baumschulenweg West,091003,Baumschulenweg,0910,Treptow-Köpenick 1,Treptow-Köpenick,1613850.31,01.01.2021
43901CDD-2537-42C2-A41F-2588C8F7EAA4,09100305,Baumschulenweg Ost,091003,Baumschulenweg,0910,Treptow-Köpenick 1,Treptow-Köpenick,496809.95,01.01.2021
19D2B57B-A47B-4F70-BB82-9EF7708AB054,09100306,Späthsfelde,091003,Baumschulenweg,0910,Treptow-Köpenick 1,Treptow-Köpenick,2722811.58,01.01.2021
F4FFB58E-EDEA-4467-94A7-5ABE86BD3553,09100407,Johannisthal West,091004,Johannisthal,0910,Treptow-Köpenick 1,Treptow-Köpenick,3247238.22,01.01.2021
70FC2FEB-08BE-4A68-AF27-3C7776147DE6,09100408,Johannisthal Ost,091004,Johannisthal,0910,Treptow-Köpenick 1,Treptow-Köpenick,766688.37,01.01.2021
8A6D4134-FD9A-4A7B-8F9A-FB1D76DD6285,09100409,Landschaftspark Adlershof,091004,Johannisthal,0910,Treptow-Köpenick 1,Treptow-Köpenick,2988058.72,01.01.2021
6DA28668-0595-4B82-A058-388D2EE62E02,09200510,Helmholtz-Kiez,092005,Oberschöneweide,0920,Treptow-Köpenick 2,Treptow-Köpenick,2330981.37,01.01.2021
9C5B80E0-F1D5-4904-A112-F242A0DF415D,09200511,Griechischer Park,092005,Oberschöneweide,0920,Treptow-Köpenick 2,Treptow-Köpenick,1358649.90,01.01.2021
4868ADFD-D7DD-458E-9ABC-A3E3DB203DE3,09200512,Wuhlheide,092005,Oberschöneweide,0920,Treptow-Köpenick 2,Treptow-Köpenick,4246822.58,01.01.2021
4004555C-F7B7-43F3-9C08-2FEED7B94DAA,09200613,Bahnhof Schöneweide,092006,Niederschöneweide,0920,Treptow-Köpenick 2,Treptow-Köpenick,1905396.36,01.01.2021
68192FE9-040F-4CD7-9F83-7509CD08BE82,09200614,Oberspree,092006,Niederschöneweide,0920,Treptow-Köpenick 2,Treptow-Köpenick,1072410.63,01.01.2021
9EFF9F08-469A-4CD1-AF77-26A426072FCB,09200715,Wista,092007,Adlershof,0920,Treptow-Köpenick 2,Treptow-Köpenick,2671216.52,01.01.2021
96FBE038-1959-42EC-98F0-887E5D78B17E,09200716,Dörpfeldstraße West,092007,Adlershof,0920,Treptow-Köpenick 2,Treptow-Köpenick,947786.03,01.01.2021
C8FBBE69-2ECE-4926-AF1B-566E5A00FA63,09200717,Dörpfeldstraße Ost,092007,Adlershof,0920,Treptow-Köpenick 2,Treptow-Köpenick,2545953.51,01.01.2021
CA339840-D764-47BE-A685-303039106FD2,09200818,Spindlersfeld,092008,Köllnische Vorstadt/Spindlersfeld,0920,Treptow-Köpenick 2,Treptow-Köpenick,571618.77,01.01.2021
00E57B07-6F84-451B-BBF6-44242FDDEA5B,09200819,Köllnische Vorstadt,092008,Köllnische Vorstadt/Spindlersfeld,0920,Treptow-Köpenick 2,Treptow-Köpenick,1551737.67,01.01.2021
6B9BF412-0C68-4CE2-9FCC-36DBFDF44228,09300920,Dorf Altglienicke,093009,Altglienicke,0930,Treptow-Köpenick 3,Treptow-Köpenick,4304731.14,01.01.2021
D50CA069-DE28-4FC4-AE33-CAC8AADCC2B6,09300921,Preußen Siedlung,093009,Altglienicke,0930,Treptow-Köpenick 3,Treptow-Köpenick,1462086.42,01.01.2021
4951EABF-8832-4135-8BF7-07C4D77706CF,09300922,Kosmos Viertel,093009,Altglienicke,0930,Treptow-Köpenick 3,Treptow-Köpenick,380874.59,01.01.2021
33568151-3CC2-45B9-8F7C-8BA3B8C64D26,09300923,Kölner Viertel,093009,Altglienicke,0930,Treptow-Köpenick 3,Treptow-Köpenick,1566633.37,01.01.2021
B3D0961F-F9D3-492C-A79B-3F111ECDF52B,09301024,Falkenberg,093010,Bohnsdorf,0930,Treptow-Köpenick 3,Treptow-Köpenick,1148579.88,01.01.2021
4F89ABEA-F70B-4758-B168-375958F9F340,09301025,Alt-Bohnsdorf,093010,Bohnsdorf,0930,Treptow-Köpenick 3,Treptow-Köpenick,5534396.99,01.01.2021
ECA6A44F-D23F-42EC-ADDA-05D21C7A490F,09301126,Grünau,093011,Grünau,0930,Treptow-Köpenick 3,Treptow-Köpenick,9172900.41,01.01.2021
4A91C283-7DB1-456A-852F-71730819419A,09301227,Karolinenhof,093012,Schmöckwitz,0930,Treptow-Köpenick 3,Treptow-Köpenick,2356854.91,01.01.2021
D44A6954-1489-4D2F-BF74-F3FFA824FD42,09301228,Schmöckwitz/Rauchfangswerder,093012,Schmöckwitz,0930,Treptow-Köpenick 3,Treptow-Köpenick,14763147.97,01.01.2021
ECC02A97-4210-40DE-A46A-EDF6E508EB1B,09401329,Kietzer Feld/Nachtheide,094013,Köpenick Süd,0940,Treptow-Köpenick 4,Treptow-Köpenick,17025168.50,01.01.2021
7F7CB45A-E2C3-4100-8A08-67EB292BE109,09401330,Wendenschloß,094013,Köpenick Süd,0940,Treptow-Köpenick 4,Treptow-Köpenick,964279.49,01.01.2021
44517BFB-0673-443D-B214-0A1AB1424E76,09401431,Allende I,094014,Allende-Viertel,0940,Treptow-Köpenick 4,Treptow-Köpenick,513553.56,01.01.2021
31DA4C93-76E9-4772-B082-2F1116659ECF,09401432,Siedlung Kämmereiheide,094014,Allende-Viertel,0940,Treptow-Köpenick 4,Treptow-Köpenick,938683.28,01.01.2021
E330CDAD-5F6F-4CC4-826F-C399D5F3AE9B,09401433,Allende II,094014,Allende-Viertel,0940,Treptow-Köpenick 4,Treptow-Köpenick,1991509.27,01.01.2021
E7B568A8-E919-4DE7-8DDA-ED5B1BE83487,09401534,Altstadt Köpenick,094015,Altstadt Köpenick,0940,Treptow-Köpenick 4,Treptow-Köpenick,796824.43,01.01.2021
4B88D359-9AD3-4306-9777-AF84E393E884,09401635,Müggelheim,094016,Müggelheim,0940,Treptow-Köpenick 4,Treptow-Köpenick,22214881.42,01.01.2021
03A2B73F-BD52-4AF7-BCF7-C0E5727C1CE1,09501736,Hirschgarten,095017,Friedrichshagen,0950,Treptow-Köpenick 5,Treptow-Köpenick,2873108.22,01.01.2021
2376212F-ADCE-4B2A-B5D2-3BDE75C47016,09501737,Alt-Friedrichshagen,095017,Friedrichshagen,0950,Treptow-Köpenick 5,Treptow-Köpenick,11170532.00,01.01.2021
EACECA88-F363-454C-9F90-C7C7B919216E,09501838,Rahnsdorf,095018,Rahnsdorf,0950,Treptow-Köpenick 5,Treptow-Köpenick,21450907.88,01.01.2021
BF1E0AB1-CE2C-4AAC-A4A4-5A4970BE0068,09501939,Bahnhofstraße,095019,Dammvorstadt,0950,Treptow-Köpenick 5,Treptow-Köpenick,1142573.42,01.01.2021
541FEC61-6C9D-4817-9EA8-F7F0E6817A22,09501940,Güterbahnhof Köpenick,095019,Dammvorstadt,0950,Treptow-Köpenick 5,Treptow-Köpenick,596181.44,01.01.2021
0C12B9E1-CEB2-43AE-88DF-542724E9C973,09501941,Friedrichshagener Straße,095019,Dammvorstadt,0950,Treptow-Köpenick 5,Treptow-Köpenick,1045853.47,01.01.2021
875F8FB2-2C5B-4ABB-B3F8-18E1B7792A21,09502042,Mittelheide,095020,Köpenick Nord,0950,Treptow-Köpenick 5,Treptow-Köpenick,3196209.77,01.01.2021
868DBAC9-6F4E-4057-9DAC-8D4663A68126,09502043,Dammheide,095020,Köpenick Nord,0950,Treptow-Köpenick 5,Treptow-Köpenick,4774928.71,01.01.2021
F4132F1D-4A57-4076-A1C4-6B8C57F7AE17,10100101,Marzahn West,101001,Marzahn Nord,1010,Marzahn,Marzahn-Hellersdorf,695714.89,01.01.2021
CBD82979-9314-4E36-9748-6C63CBEA4D80,10100102,Rosenbecker Straße,101001,Marzahn Nord,1010,Marzahn,Marzahn-Hellersdorf,327917.02,01.01.2021
BC50B249-FED4-4EEE-8A1A-C569EA202DFF,10100103,Wittenberger Straße,101001,Marzahn Nord,1010,Marzahn,Marzahn-Hellersdorf,686667.62,01.01.2021
41B104CA-9826-4BE6-AAA4-4EF2314C4E7C,10100104,Golliner Straße,101001,Marzahn Nord,1010,Marzahn,Marzahn-Hellersdorf,885247.24,01.01.2021
A256D5A2-6D36-4CCF-B233-05E3B27FD752,10100205,Gewerbegebiet Bitterfelder Straße,101002,Marzahn Mitte,1010,Marzahn,Marzahn-Hellersdorf,3601367.77,01.01.2021
64FBD9F7-A464-4520-9A2D-258897EE4E7C,10100206,Wuhletalstraße,101002,Marzahn Mitte,1010,Marzahn,Marzahn-Hellersdorf,845801.21,01.01.2021
434F726A-495B-41E9-BAA7-0AD0B4C9C907,10100207,Ahrensfelder Berge,101002,Marzahn Mitte,1010,Marzahn,Marzahn-Hellersdorf,1099145.90,01.01.2021
6C557F71-3881-4B13-AE46-F4E278097ECF,10100208,Bürgerpark,101002,Marzahn Mitte,1010,Marzahn,Marzahn-Hellersdorf,811095.32,01.01.2021
FA09A220-8B6B-457B-A477-53FC4B82CADC,10100209,Lea-Grundig-Straße,101002,Marzahn Mitte,1010,Marzahn,Marzahn-Hellersdorf,678242.87,01.01.2021
029E1A28-3572-48B2-A92E-917AF6EE182E,10100210,Marzahner Promenade,101002,Marzahn Mitte,1010,Marzahn,Marzahn-Hellersdorf,882950.75,01.01.2021
15C8D405-870C-42E6-BE8C-BEF9B718C198,10100311,Marzahner Chaussee,101003,Marzahn Süd,1010,Marzahn,Marzahn-Hellersdorf,3993481.55,01.01.2021
038BF765-F409-4376-9421-7DF8F0A3B17C,10100312,Springpfuhl,101003,Marzahn Süd,1010,Marzahn,Marzahn-Hellersdorf,1210423.67,01.01.2021
85B7BB84-6331-42B9-B2CF-4113394F04A3,10100313,Alt-Marzahn,101003,Marzahn Süd,1010,Marzahn,Marzahn-Hellersdorf,1098932.23,01.01.2021
A4C09040-DD4C-4D33-8B48-5F815D5B74A7,10100314,Auersbergstraße,101003,Marzahn Süd,1010,Marzahn,Marzahn-Hellersdorf,470912.26,01.01.2021
F0AE18E8-25F9-488C-956C-9750688EB8A2,10100315,Bärenstein,101003,Marzahn Süd,1010,Marzahn,Marzahn-Hellersdorf,646671.73,01.01.2021
D65D5AAA-ECB0-46FC-94D0-A23231484480,10100316,Landsberger Tor,101003,Marzahn Süd,1010,Marzahn,Marzahn-Hellersdorf,1608763.92,01.01.2021
F9452E0E-8B35-4118-A482-D902CC40198F,10200417,Zossener Straße,102004,Hellersdorf Nord,1020,Hellersdorf,Marzahn-Hellersdorf,450580.62,01.01.2021
455D8CE9-4A9B-4AE5-BA80-C80A8FF4D252,10200418,Kyritzer Straße,102004,Hellersdorf Nord,1020,Hellersdorf,Marzahn-Hellersdorf,642573.79,01.01.2021
10D776BC-686C-47B4-9C22-8CA7EAA05B83,10200419,Havelländer Ring,102004,Hellersdorf Nord,1020,Hellersdorf,Marzahn-Hellersdorf,203553.55,01.01.2021
1E5768DB-1E2A-48CB-A6F3-144228A5ABC7,10200420,Gut Hellersdorf,102004,Hellersdorf Nord,1020,Hellersdorf,Marzahn-Hellersdorf,768081.28,01.01.2021
65126DAE-7FDC-4EA2-9ECC-B605B44C8FFF,10200421,Helle Mitte,102004,Hellersdorf Nord,1020,Hellersdorf,Marzahn-Hellersdorf,163854.01,01.01.2021
FDE46081-0804-4146-BB9B-D7ABE82B8D9E,10200422,Hellersdorfer Promenade,102004,Hellersdorf Nord,1020,Hellersdorf,Marzahn-Hellersdorf,451816.11,01.01.2021
CFC30D62-9514-4B54-BEF0-D4A53BA5E208,10200423,Böhlener Straße,102004,Hellersdorf Nord,1020,Hellersdorf,Marzahn-Hellersdorf,920819.97,01.01.2021
243D75E2-28E0-4D14-BE47-7137655B7CDB,10200524,Adele-Sandrock-Straße,102005,Hellersdorf Ost,1020,Hellersdorf,Marzahn-Hellersdorf,1111336.74,01.01.2021
C355CCFE-A5C6-4255-B5C8-4853EDFDDBC6,10200525,Schleipfuhl,102005,Hellersdorf Ost,1020,Hellersdorf,Marzahn-Hellersdorf,475948.16,01.01.2021
A1685FF1-C99C-4675-A567-F2B1A4AE196B,10200526,Boulevard Kastanienallee,102005,Hellersdorf Ost,1020,Hellersdorf,Marzahn-Hellersdorf,526615.92,01.01.2021
1A94A419-7C8C-4D4B-B2F4-5FDBB4CE9142,10200627,Am Kienberg,102006,Hellersdorf Süd,1020,Hellersdorf,Marzahn-Hellersdorf,533195.27,01.01.2021
5420BD10-00EB-47DC-810C-C47B2826E4D8,10200628,Neue Grottkauer Straße,102006,Hellersdorf Süd,1020,Hellersdorf,Marzahn-Hellersdorf,498615.65,01.01.2021
E53393A4-F280-4739-976D-C51B610A578C,10200629,Teterower Ring,102006,Hellersdorf Süd,1020,Hellersdorf,Marzahn-Hellersdorf,999285.26,01.01.2021
A7C8C1A8-4CEE-4A36-9FE0-A1E54DA47B57,10200630,Cecilienplatz,102006,Hellersdorf Süd,1020,Hellersdorf,Marzahn-Hellersdorf,377293.28,01.01.2021
79533D14-E111-4790-B3C0-5EE05A75C0DF,10300731,Oberfeldstraße,103007,Biesdorf,1030,Biesdorf,Marzahn-Hellersdorf,2741532.35,01.01.2021
7756B87F-403B-4BDE-8565-585541DDE23F,10300732,Buckower Ring,103007,Biesdorf,1030,Biesdorf,Marzahn-Hellersdorf,2059702.79,01.01.2021
3B3B37B6-D551-45E0-9F42-83F468C41171,10300733,Alt-Biesdorf,103007,Biesdorf,1030,Biesdorf,Marzahn-Hellersdorf,2398150.98,01.01.2021
0EBC5025-2A1A-4E3B-89E2-8FB51B365DF9,10300734,Biesdorf Süd,103007,Biesdorf,1030,Biesdorf,Marzahn-Hellersdorf,5205281.04,01.01.2021
D280526E-F19D-4377-A535-5CAF09EB4667,10400835,Kaulsdorf Nord,104008,Kaulsdorf,1040,Kaulsdorf/Mahlsdorf,Marzahn-Hellersdorf,2552521.64,01.01.2021
C0EDC3CC-CE2A-4978-B727-1428E63079D2,10400836,Alt-Kaulsdorf,104008,Kaulsdorf,1040,Kaulsdorf/Mahlsdorf,Marzahn-Hellersdorf,1349184.13,01.01.2021
E35A18D8-A3CF-4DE9-B08D-CD2F75ACA58A,10400837,Kaulsdorf Süd,104008,Kaulsdorf,1040,Kaulsdorf/Mahlsdorf,Marzahn-Hellersdorf,4869700.12,01.01.2021
FD59C2EF-44BA-4962-BBA1-1ADB51B283DB,10400938,Mahlsdorf Nord,104009,Mahlsdorf,1040,Kaulsdorf/Mahlsdorf,Marzahn-Hellersdorf,4221854.23,01.01.2021
3431CA00-E9E8-49F8-9A27-6FFE6FA76F37,10400939,Alt-Mahlsdorf,104009,Mahlsdorf,1040,Kaulsdorf/Mahlsdorf,Marzahn-Hellersdorf,1898886.89,01.01.2021
9DFFA406-2D91-4AF1-B0E0-CAB1311E55D2,10400940,Elsensee,104009,Mahlsdorf,1040,Kaulsdorf/Mahlsdorf,Marzahn-Hellersdorf,3163910.83,01.01.2021
9863EBA1-62E3-4817-996A-98935EA368CF,10400941,Pilgramer Straße,104009,Mahlsdorf,1040,Kaulsdorf/Mahlsdorf,Marzahn-Hellersdorf,3691049.78,01.01.2021
3B18E7F0-8621-4E33-8F43-81E4ACB7F65F,11100101,Dörfer Malchow-Wartenberg,111001,"Malchow, Wartenberg und Falkenberg",1110,Hohenschönhausen Nord,Lichtenberg,8450764.89,01.01.2021
CCC724B3-6AA1-4FBF-AB36-51FDF8867A54,11100102,Dorf Falkenberg,111001,"Malchow, Wartenberg und Falkenberg",1110,Hohenschönhausen Nord,Lichtenberg,3056876.87,01.01.2021
48A777BE-441D-41AA-A72F-6878EB824A40,11100203,Falkenberg Ost,111002,Neu-Hohenschönhausen Nord,1110,Hohenschönhausen Nord,Lichtenberg,909974.14,01.01.2021
88EDB040-5754-44F4-965C-1AF40E06C41C,11100204,Falkenberg West,111002,Neu-Hohenschönhausen Nord,1110,Hohenschönhausen Nord,Lichtenberg,776059.12,01.01.2021
CFA3F232-BEF2-4CB5-9E36-36A8B90A428C,11100205,Wartenberg Süd,111002,Neu-Hohenschönhausen Nord,1110,Hohenschönhausen Nord,Lichtenberg,455965.44,01.01.2021
4641FFC7-6138-47D2-898A-B87112B62690,11100206,Wartenberg Nord,111002,Neu-Hohenschönhausen Nord,1110,Hohenschönhausen Nord,Lichtenberg,659172.09,01.01.2021
C4516E9A-C7CA-4DCE-91C5-BC35EA5D808C,11100307,Zingster Straße Ost,111003,Neu-Hohenschönhausen Süd,1110,Hohenschönhausen Nord,Lichtenberg,730353.16,01.01.2021
6DA49A46-ACC3-4D9A-837A-D1F9606954CC,11100308,Zingster Straße West,111003,Neu-Hohenschönhausen Süd,1110,Hohenschönhausen Nord,Lichtenberg,903502.77,01.01.2021
EF9C3734-CB7B-4C09-A1CA-9BE9928E452A,11100309,Mühlengrund,111003,Neu-Hohenschönhausen Süd,1110,Hohenschönhausen Nord,Lichtenberg,706053.63,01.01.2021
EF97DE60-558B-4AD4-B503-74A55BF3A90B,11200410,Malchower Weg,112004,Alt-Hohenschönhausen Nord,1120,Hohenschönhausen Süd,Lichtenberg,2232986.36,01.01.2021
FB61FECC-3A63-4A48-A2D1-059E02D89989,11200411,Hauptstraße,112004,Alt-Hohenschönhausen Nord,1120,Hohenschönhausen Süd,Lichtenberg,2521370.18,01.01.2021
D2C82B15-7B54-431F-87C9-8DBB9F8A508A,11200512,Orankesee,112005,Alt-Hohenschönhausen Süd,1120,Hohenschönhausen Süd,Lichtenberg,1936974.98,01.01.2021
B073930C-6658-4E89-8438-CD5A0969E0C8,11200513,Große-Leege-Straße,112005,Alt-Hohenschönhausen Süd,1120,Hohenschönhausen Süd,Lichtenberg,688251.11,01.01.2021
0AB2A863-0362-4B67-84C5-D56670FCEEC3,11200514,Landsberger Allee,112005,Alt-Hohenschönhausen Süd,1120,Hohenschönhausen Süd,Lichtenberg,940066.36,01.01.2021
7A889BA6-C303-43F9-BFE3-31E08AD5E96A,11200515,Weiße Taube,112005,Alt-Hohenschönhausen Süd,1120,Hohenschönhausen Süd,Lichtenberg,1033897.67,01.01.2021
99C7F089-20EC-4EA2-8D9E-6C945E87B372,11300616,Hohenschönhausener Straße,113006,Fennpfuhl,1130,Lichtenberg Nord,Lichtenberg,416969.28,01.01.2021
070C7D8D-C655-4A41-ADAD-4245CB950627,11300617,Fennpfuhlpark,113006,Fennpfuhl,1130,Lichtenberg Nord,Lichtenberg,474771.80,01.01.2021
2CCC7A08-CAEB-434E-B116-7AA9D239A041,11300618,Storkower Bogen,113006,Fennpfuhl,1130,Lichtenberg Nord,Lichtenberg,321194.18,01.01.2021
4819AF73-81DA-4E5D-A515-95DA138311A7,11300619,Rudolf-Seiffert-Park,113006,Fennpfuhl,1130,Lichtenberg Nord,Lichtenberg,372628.96,01.01.2021
92D6B627-29C4-4386-AF1E-B412217616A2,11300620,Fennpfuhl Ost,113006,Fennpfuhl,1130,Lichtenberg Nord,Lichtenberg,556765.22,01.01.2021
0AB0BE6A-3A92-4605-B025-3D5F091ADC5A,11300721,Herzbergstraße,113007,Alt-Lichtenberg,1130,Lichtenberg Nord,Lichtenberg,3863062.30,01.01.2021
791BAD11-C815-4065-A6A9-B3CBC492D750,11300722,Rathaus Lichtenberg,113007,Alt-Lichtenberg,1130,Lichtenberg Nord,Lichtenberg,889756.06,01.01.2021
6FDBDD7E-235F-47AE-84E5-F6ADC8222299,11300723,Bornitzstraße,113007,Alt-Lichtenberg,1130,Lichtenberg Nord,Lichtenberg,497944.01,01.01.2021
315EAD15-30C1-462B-89D1-30FFCC5398F5,11300724,Roedeliusplatz,113007,Alt-Lichtenberg,1130,Lichtenberg Nord,Lichtenberg,411278.35,01.01.2021
C4EF079B-D1FA-489F-B74A-67974BAA74E4,11300725,Nibelungenviertel,113007,Alt-Lichtenberg,1130,Lichtenberg Nord,Lichtenberg,683430.15,01.01.2021
5EC825F8-B4D6-4046-82A7-36E2D12B1425,11300826,Frankfurter Allee Süd,113008,Frankfurter Allee Süd,1130,Lichtenberg Nord,Lichtenberg,1053307.20,01.01.2021
9BA75C12-308A-43E1-A5DB-92D6ED590AEF,11400927,Victoriastadt,114009,Neu-Lichtenberg,1140,Lichtenberg Mitte,Lichtenberg,374097.78,01.01.2021
B790060F-4BE1-453F-ABB0-8106C424BB95,11400928,Nöldnerplatz,114009,Neu-Lichtenberg,1140,Lichtenberg Mitte,Lichtenberg,584244.40,01.01.2021
E503F121-21BB-41C6-B275-449760BBB84E,11400929,Weitlingkiez,114009,Neu-Lichtenberg,1140,Lichtenberg Mitte,Lichtenberg,842268.61,01.01.2021
44FE5E3F-7A5F-4C55-876C-C917891A9EC8,11400930,Zachertstraße,114009,Neu-Lichtenberg,1140,Lichtenberg Mitte,Lichtenberg,404082.07,01.01.2021
49ECB57B-C483-40AF-A1BB-7ACFA6E071E7,11400931,Massower Straße,114009,Neu-Lichtenberg,1140,Lichtenberg Mitte,Lichtenberg,415400.76,01.01.2021
D77A2FA8-AE6A-44E7-B254-45502782B199,11401032,Rosenfelder Ring,114010,Friedrichsfelde Nord,1140,Lichtenberg Mitte,Lichtenberg,567624.53,01.01.2021
8F1B33A4-0673-4E15-BF1A-093BF9308C96,11401033,Gensinger Straße,114010,Friedrichsfelde Nord,1140,Lichtenberg Mitte,Lichtenberg,453282.11,01.01.2021
7BFDB193-AB4D-4C15-BBF6-3A1D31BED6D5,11401034,Tierpark,114010,Friedrichsfelde Nord,1140,Lichtenberg Mitte,Lichtenberg,1733256.92,01.01.2021
8F51A5D5-4FFB-4CEE-ACC2-6ABC48DB9330,11401135,Dolgenseestraße,114011,Friedrichsfelde Süd,1140,Lichtenberg Mitte,Lichtenberg,699977.68,01.01.2021
3F1AB043-D658-4BC8-B03E-A794C01B83A3,11401136,Volkradstraße,114011,Friedrichsfelde Süd,1140,Lichtenberg Mitte,Lichtenberg,797329.72,01.01.2021
13FDB861-57C3-417D-A289-C522C3FFC35C,11401137,Erieseering,114011,Friedrichsfelde Süd,1140,Lichtenberg Mitte,Lichtenberg,718040.74,01.01.2021
AF8BC912-996F-4E56-A828-D2E9D86F88DD,11501238,Rummelsburg,115012,Rummelsburger Bucht,1150,Lichtenberg Süd,Lichtenberg,2401538.85,01.01.2021
6F1B0B0E-352A-4829-9ECD-47587A92C4C1,11501339,Karlshorst West,115013,Karlshorst,1150,Lichtenberg Süd,Lichtenberg,994199.34,01.01.2021
EA825EBA-8735-43CB-908C-E63F9986C3D8,11501340,Karlshorst Nord,115013,Karlshorst,1150,Lichtenberg Süd,Lichtenberg,3297929.69,01.01.2021
AA05BB83-33FF-4C96-8871-3959322C993D,11501341,Karlshorst Süd,115013,Karlshorst,1150,Lichtenberg Süd,Lichtenberg,2294053.90,01.01.2021
930471BA-7A35-4E55-B0A2-CE7AB1269823,12100101,Letteplatz,121001,Ost 1 - Reginhardstraße,1210,Reinickendorf Ost,Reinickendorf,780573.78,01.01.2021
C0D558C2-D6F3-4B7C-ABF4-24A9CBC8BAE9,12100102,Hausotterplatz,121001,Ost 1 - Reginhardstraße,1210,Reinickendorf Ost,Reinickendorf,809958.82,01.01.2021
830003F0-F32B-45C2-8872-03C55EBDF979,12100103,Breitkopfbecken,121001,Ost 1 - Reginhardstraße,1210,Reinickendorf Ost,Reinickendorf,720528.84,01.01.2021
E56542B5-6D27-4618-9038-3A231CEFF6D9,12100204,Schäfersee,121002,Ost 2 - Alt-Reinickendorf,1210,Reinickendorf Ost,Reinickendorf,1115710.25,01.01.2021
04A04E43-49D0-45CA-839F-49362F3239D1,12100205,Teichstraße,121002,Ost 2 - Alt-Reinickendorf,1210,Reinickendorf Ost,Reinickendorf,3374911.36,01.01.2021
92B0A364-46AA-4942-8638-C976E3222E63,12100206,Humboldtstraße,121002,Ost 2 - Alt-Reinickendorf,1210,Reinickendorf Ost,Reinickendorf,759322.70,01.01.2021
38B5AC23-4D49-4ACF-BD90-A1FD820B403B,12200307,Reinickes Hof,122003,West 4 - Auguste-Viktoria-Allee,1220,Tegel,Reinickendorf,532927.76,01.01.2021
C515D65D-68E4-4EFF-8654-D6F609D36C3F,12200308,Meller Bogen,122003,West 4 - Auguste-Viktoria-Allee,1220,Tegel,Reinickendorf,527632.33,01.12.2021
6B2B5731-9DC3-45B5-8F7F-AF0617721F01,12200309,Scharnweberstraße,122003,West 4 - Auguste-Viktoria-Allee,1220,Tegel,Reinickendorf,707714.72,01.01.2021
62AE6768-C45D-4CF8-BC06-DDCAD084BB40,12200310,Klixstraße,122003,West 4 - Auguste-Viktoria-Allee,1220,Tegel,Reinickendorf,819522.56,01.01.2021
B8E0C7B8-BCE5-4FF3-90BE-0614E0E85F5D,12200411,Schumacher-Quartier,122004,West 1 - Tegel-Süd/Flughafensee,1220,Tegel,Reinickendorf,670393.40,01.01.2021
B4AE18B9-F31E-4AE3-A369-626861449896,12200412,Waldidyll/Flughafensee,122004,West 1 - Tegel-Süd/Flughafensee,1220,Tegel,Reinickendorf,5947955.50,01.01.2021
1CFFE782-A719-49DC-BACC-1E4C5E909663,12200413,Tegel Süd,122004,West 1 - Tegel-Süd/Flughafensee,1220,Tegel,Reinickendorf,755172.72,01.01.2021
0E821BEB-B425-4312-9247-17F24EB63E68,12200414,TXL,122004,West 1 - Tegel-Süd/Flughafensee,1220,Tegel,Reinickendorf,5987707.88,01.01.2021
B49BBC8E-AB6C-4CBC-A522-DF81EA175A7E,12200515,Alt-Tegel,122005,West 5 - Tegel,1220,Tegel,Reinickendorf,2392511.02,01.01.2021
63031098-B5F8-4164-8866-31DB14B877B7,12400616,Konradshöhe/Tegelort,124006,West 2 - Heiligensee/Konradshöhe,1240,Grüner Norden,Reinickendorf,2336441.71,01.01.2021
348E0113-4F5A-42FF-885C-D4F8FCDBBC76,12400617,Alt-Heiligensee,124006,West 2 - Heiligensee/Konradshöhe,1240,Grüner Norden,Reinickendorf,5358375.30,01.01.2021
2B2529B5-65D6-4543-BDF3-EF254FA4D558,12400618,Heiligensee Nord,124006,West 2 - Heiligensee/Konradshöhe,1240,Grüner Norden,Reinickendorf,3247189.95,01.01.2021
D10FE7CB-60C4-47E9-BFFC-87BD83E2E467,12400619,Heiligensee,124006,West 2 - Heiligensee/Konradshöhe,1240,Grüner Norden,Reinickendorf,17921160.41,01.01.2021
EA52DCC0-9FEC-4AE2-A42F-634B8DCD2991,12400720,Frohnau West,124007,Nord 1 - Frohnau/Hermsdorf,1240,Grüner Norden,Reinickendorf,2749814.62,01.01.2021
2D882845-D6D2-4C57-862D-6ADF212C24C0,12400721,Frohnau Ost,124007,Nord 1 - Frohnau/Hermsdorf,1240,Grüner Norden,Reinickendorf,5090083.83,01.01.2021
DA9EA4A2-0DB2-44DC-AE32-ABBE096135FC,12400722,Hermsdorf West,124007,Nord 1 - Frohnau/Hermsdorf,1240,Grüner Norden,Reinickendorf,3158215.99,01.01.2021
F003F1B9-982A-436B-91DF-C61AD0D1A6E6,12400723,Hermsdorf Ost/Waldsee,124007,Nord 1 - Frohnau/Hermsdorf,1240,Grüner Norden,Reinickendorf,2900186.52,01.01.2021
9D539CD1-0BCC-4DBC-AFC1-90BC12C4C600,12500824,Ziekowstraße/Freie Scholle,125008,West 3 - Borsigwalde/Freie Scholle,1250,Wittenau/Borsigwalde,Reinickendorf,2228029.56,01.01.2021
7B6E60B4-3411-46E5-BDEC-7031FBAD0B85,12500825,Borsigwalde,125008,West 3 - Borsigwalde/Freie Scholle,1250,Wittenau/Borsigwalde,Reinickendorf,1849169.70,01.01.2021
F920DF20-78B5-409A-8A8E-61F756B6A2B5,12500926,Wittenau Mitte,125009,Nord 2 - Waidmannslust/Wittenau/Lübars,1250,Wittenau/Borsigwalde,Reinickendorf,947532.08,01.12.2021
986EB464-57B5-4A96-B850-D9FABBADCCCF,12500927,Wittenau Nord,125009,Nord 2 - Waidmannslust/Wittenau/Lübars,1250,Wittenau/Borsigwalde,Reinickendorf,2494710.37,01.01.2021
262FB676-F85D-4312-9B76-CC4BE2DC36DF,12500928,Waidmannslust,125009,Nord 2 - Waidmannslust/Wittenau/Lübars,1250,Wittenau/Borsigwalde,Reinickendorf,1731930.98,01.01.2021
CAAD027C-FE36-4260-861D-CF49E7875550,12500929,Lübars,125009,Nord 2 - Waidmannslust/Wittenau/Lübars,1250,Wittenau/Borsigwalde,Reinickendorf,5011478.34,01.01.2021
62AC0F0A-2587-4AD8-9C42-07082CB6D2C1,12500930,Wittenau Süd,125009,Nord 2 - Waidmannslust/Wittenau/Lübars,1250,Wittenau/Borsigwalde,Reinickendorf,1613739.19,01.12.2021
21DC2657-48FD-48E4-816A-6C237BB4CA0B,12601031,Lübarser Straße,126010,Rollbergesiedlung,1260,Märkisches Viertel,Reinickendorf,1134134.84,01.01.2021
DA06FB0D-D373-42C1-B767-6926384FF320,12601032,Rollbergesiedlung,126010,Rollbergesiedlung,1260,Märkisches Viertel,Reinickendorf,501325.04,01.01.2021
CFBD216E-9B92-482D-96D2-140D62BAC353,12601133,Treuenbrietzener Straße,126011,MV Nord,1260,Märkisches Viertel,Reinickendorf,918344.00,01.01.2021
AC246747-ADEB-4176-8F8C-014DF78A3206,12601134,Märkisches Zentrum,126011,MV Nord,1260,Märkisches Viertel,Reinickendorf,1127871.02,01.01.2021
B194977E-0023-43CA-B95F-40170EEE1CE5,12601235,Dannenwalder Weg,126012,MV Süd,1260,Märkisches Viertel,Reinickendorf,523442.56,01.01.2021
3122A2B8-8B22-4E6A-960B-25C61190DF0F,12601236,Schorfheidestraße,126012,MV Süd,1260,Märkisches Viertel,Reinickendorf,578285.03,01.01.2021
